index,type1_lam,type1_lam_new,type_1_mu,type_1_mu_new,number of cycles,time,num of packets,Cycle_len,CI,halfCI,RE,time,num response,CI,halfCI,RE,response time,CI,halfCI,RE,gamma,num sample mean,CI,halfCI,RE,time,prob,CI,halfCI,RE,ratio_flow1,likelihood_1,variance_1,conditional_ratio1,ratio_flow2,likelihood_2,variance_2,conditional_ratio2,ratio_flow3,likelihood_3,variance_3,conditional_ratio3,ratio_flow4,likelihood_4,variance_4,conditional_ratio4,total_ratio,total_var,gamma,num sample mean,CI,halfCI,RE,time,prob,CI,halfCI,RE,ratio_flow1,likelihood_1,variance_1,conditional_ratio1,ratio_flow2,likelihood_2,variance_2,conditional_ratio2,ratio_flow3,likelihood_3,variance_3,conditional_ratio3,ratio_flow4,likelihood_4,variance_4,conditional_ratio4,total_ratio,total_var,type2_lam,type2_lam_new,type_2_mu,type_2_mu_new,number of cycles,time,num of packets,Cycle_len,CI,halfCI,RE,time,num response,CI,halfCI,RE,response time,CI,halfCI,RE,gamma,num sample mean,CI,halfCI,RE,time,prob,CI,halfCI,RE,ratio_flow1,likelihood_1,variance_1,conditional_ratio1,ratio_flow2,likelihood_2,variance_2,conditional_ratio2,ratio_flow3,likelihood_3,variance_3,conditional_ratio3,ratio_flow4,likelihood_4,variance_4,conditional_ratio4,total_ratio,total_var,gamma,num sample mean,CI,halfCI,RE,time,prob,CI,halfCI,RE,ratio_flow1,likelihood_1,variance_1,conditional_ratio1,ratio_flow2,likelihood_2,variance_2,conditional_ratio2,ratio_flow3,likelihood_3,variance_3,conditional_ratio3,ratio_flow4,likelihood_4,variance_4,conditional_ratio4,total_ratio,total_var,type3_lam,type3_lam_new,type_3_mu,type_3_mu_new,number of cycles,time,num of packets,Cycle_len,CI,halfCI,RE,time,num response,CI,halfCI,RE,response time,CI,halfCI,RE,gamma,num sample mean,CI,halfCI,RE,time,prob,CI,halfCI,RE,ratio_flow1,likelihood_1,variance_1,conditional_ratio1,ratio_flow2,likelihood_2,variance_2,conditional_ratio2,ratio_flow3,likelihood_3,variance_3,conditional_ratio3,ratio_flow4,likelihood_4,variance_4,conditional_ratio4,total_ratio,total_var,gamma,num sample mean,CI,halfCI,RE,time,prob,CI,halfCI,RE,ratio_flow1,likelihood_1,variance_1,conditional_ratio1,ratio_flow2,likelihood_2,variance_2,conditional_ratio2,ratio_flow3,likelihood_3,variance_3,conditional_ratio3,ratio_flow4,likelihood_4,variance_4,conditional_ratio4,total_ratio,total_var,type4_lam,type4_lam_new,type_4_mu,type_4_mu_new,number of cycles,time,num of packets,Cycle_len,CI,halfCI,RE,time,num response,CI,halfCI,RE,response time,CI,halfCI,RE,gamma,num sample mean,CI,halfCI,RE,time,prob,CI,halfCI,RE,ratio_flow1,likelihood_1,variance_1,conditional_ratio1,ratio_flow2,likelihood_2,variance_2,conditional_ratio2,ratio_flow3,likelihood_3,variance_3,conditional_ratio3,ratio_flow4,likelihood_4,variance_4,conditional_ratio4,total_ratio,total_var,gamma,num sample mean,CI,halfCI,RE,time,prob,CI,halfCI,RE,ratio_flow1,likelihood_1,variance_1,conditional_ratio1,ratio_flow2,likelihood_2,variance_2,conditional_ratio2,ratio_flow3,likelihood_3,variance_3,conditional_ratio3,ratio_flow4,likelihood_4,variance_4,conditional_ratio4,total_ratio,total_var
0,0.6,0.757056038,2,1.457555268,100000,29.13574004,1819461,1.66298245,"[1.635,1.691]",0.028071396,0.008612322,38.3545084,1.927835873,"[1.909,1.946]",0.018471553,0.004888519,1.159264112,"[1.139,1.179]",0.019947924,0.008779287,2,0.139304662,"[0.137,0.1416]",0.002268265,0.008307531,38.40850878,0.083767969,"[0.08191,0.08563]",0.00186055,0.011332018,0.1393,0.411063624,0.221734462,0.461136123,0.13296,0.555183088,0.394405327,0.440148305,0.00949,0.465993442,0.196523563,0.031415519,0.02033,0.187116498,0.041794057,0.067300053,0.30208,0.133929205,3,0.049462104,"[0.04837,0.05056]",0.001093368,0.011278147,40.73604321,0.02974301,"[0.02894,0.03055]",0.00080268,0.013768976,0.1056,0.191949687,0.075752332,0.490523969,0.09901,0.282615483,0.134147918,0.459912672,0.00316,0.212369968,0.073652655,0.014678558,0.00751,0.071820074,0.009432264,0.034884801,0.21528,0.031118644,0.2,0.320870841,1,0.620977255,100000,33.85943294,1819461,0.55699719,"[0.5456,0.5684]",0.011380223,0.010424175,43.06454921,1.430606318,"[1.413,1.449]",0.017962219,0.006405953,2.568426454,"[2.516,2.621]",0.052672431,0.010463095,2,0.128443537,"[0.1264,0.1305]",0.002017801,0.00801512,43.11803889,0.230599973,"[0.2252,0.236]",0.005367962,0.011876654,0.31665,0.378335408,0.18709378,0.963340432,0.01076,0.736381248,0.882650636,0.032735017,0.00039,1.01193986,1.80150282,0.001186492,0.0009,0.361679088,1.514761617,0.002738059,0.3287,0.105985031,3,0.082680106,"[0.08127,0.08409]",0.001413785,0.00872421,45.42626429,0.148439,"[0.1448,0.1521]",0.003669502,0.012612552,0.30655,0.257519545,0.109370812,0.967339855,0.01019,0.365149535,0.35797369,0.032155254,3.00E-05,0.120360417,0.002242346,9.47E-05,0.00013,0.100036806,0.007228678,0.000410224,0.3169,0.052030059,0.2,0.238073067,2,1.492154993,100000,38.55266237,1819461,0.552951522,"[0.5417,0.5642]",0.011277543,0.010405702,47.75654984,1.6762228,"[1.651,1.702]",0.025359181,0.007718758,3.031410051,"[2.966,3.097]",0.065195032,0.010972706,2,0.181897796,"[0.1787,0.1851]",0.003226841,0.009050947,47.81387448,0.328957944,"[0.3214,0.3365]",0.007573327,0.011746008,0.1279,0.679239295,0.734643793,0.395448783,0.19398,0.482886279,0.534699968,0.599758835,0.00132,0.961336073,0.718077152,0.004081254,0.00023,0.364546903,0.050268923,0.000711128,0.32343,0.27104593,3,0.137066863,"[0.1345,0.1396]",0.002554928,0.009510209,50.1239934,0.247882242,"[0.2419,0.2539]",0.00599132,0.012331645,0.11481,0.539217592,0.517168482,0.376315186,0.18924,0.393109892,0.346878224,0.620275984,0.00102,0.74872568,0.480261267,0.003343276,2.00E-05,0.17374197,1.16E-05,6.56E-05,0.30509,0.169920224,0.2,0.359192085,2,1.235692663,100000,43.26176667,1819461,0.552811238,"[0.5447,0.5609]",0.008099669,0.007475398,52.4663372,2.367050819,"[2.324,2.41]",0.042569158,0.009175535,4.2818428,"[4.203,4.361]",0.078693667,0.009376764,2,0.216058705,"[0.2123,0.2198]",0.003761803,0.008883175,52.52069378,0.390836312,"[0.3841,0.3975]",0.006697736,0.008743333,0.0785,0.72124715,0.807037466,0.222549826,0.04182,0.710046083,0.701596914,0.118560939,0.23121,0.558468018,0.812443426,0.6554872,0.0012,0.519405413,0.128932098,0.003402036,0.35273,0.368366344,3,0.178650615,"[0.1753,0.182]",0.003341043,0.009541605,54.82881737,0.323167481,"[0.3171,0.3293]",0.00608287,0.009603396,0.0701,0.613762257,0.679772208,0.208153933,0.03779,0.609029884,0.629016683,0.112213083,0.2281,0.491863812,0.679790407,0.677316863,0.00078,0.533982361,0.222382586,0.002316121,0.33677,0.290570749
1,0.6,0.757056038,2,1.457555268,100000,35.06742358,1812566,1.644042619,"[1.619,1.669]",0.024599931,0.007634221,93.44192505,1.905241194,"[1.887,1.923]",0.018020471,0.004825698,1.158875793,"[1.141,1.177]",0.017711849,0.007797779,2,0.138144257,"[0.1359,0.1404]",0.002222469,0.008208179,93.4961009,0.084027175,"[0.08228,0.08577]",0.001742954,0.010583032,0.139,0.41159813,0.200171602,0.461211759,0.13286,0.544657153,0.373413331,0.440838808,0.00889,0.525727033,0.344405545,0.029497644,0.02063,0.188815044,0.048872929,0.068451788,0.30138,0.128575823,3,0.048978415,"[0.0479,0.05006]",0.001081961,0.011270699,95.84818077,0.029791451,"[0.02902,0.03056]",0.000771518,0.013212906,0.1056,0.194141531,0.077935983,0.490592334,0.0991,0.275012012,0.127593143,0.46039489,0.00293,0.210882244,0.079569987,0.013612079,0.00762,0.079461127,0.014471103,0.035400697,0.21525,0.030472714,0.2,0.320870841,1,0.620977255,100000,39.83111095,1812566,0.54650416,"[0.5367,0.5563]",0.009829318,0.009176432,98.1987412,1.413092924,"[1.395,1.431]",0.018015879,0.006504721,2.585694727,"[2.538,2.634]",0.047937367,0.009458905,2,0.128362926,"[0.1263,0.1304]",0.002051891,0.00815565,98.25635242,0.234880054,"[0.2298,0.24]",0.005077508,0.011029312,0.31589,0.378039283,0.193433454,0.961935504,0.01104,0.760681613,1.171929043,0.033618563,0.00047,0.687272514,0.345412843,0.001431225,0.00099,0.225408322,0.064526739,0.003014708,0.32839,0.109596433,3,0.082003198,"[0.08056,0.08345]",0.001442629,0.008975692,100.579922,0.150050455,"[0.1465,0.1536]",0.003501088,0.011904459,0.30559,0.254873769,0.111529182,0.966017576,0.0105,0.384853364,0.50707811,0.033192135,8.00E-05,0.698294332,0.531985676,0.000252892,0.00017,0.114700638,0.014796598,0.000537396,0.31634,0.054174817,0.2,0.238073067,2,1.492154993,100000,44.56427884,1812566,0.554555582,"[0.5441,0.565]",0.010436855,0.009602151,102.9236462,1.653922226,"[1.629,1.679]",0.025044399,0.007725729,2.982428238,"[2.922,3.043]",0.060569904,0.010361695,2,0.178306554,"[0.1752,0.1815]",0.003146801,0.009004216,102.9782739,0.321530538,"[0.3145,0.3286]",0.007078916,0.011232812,0.12783,0.66449662,0.718291994,0.396925943,0.19284,0.477762609,0.494585635,0.598789008,0.00116,0.985649552,0.625213811,0.003601925,0.00022,0.403893572,0.069551794,0.000683124,0.32205,0.25776649,3,0.134380957,"[0.1319,0.1369]",0.002528416,0.009599635,105.3083241,0.24232189,"[0.2366,0.248]",0.005698336,0.011997737,0.1151,0.532384011,0.521306882,0.379404687,0.18757,0.387206105,0.336928614,0.618287899,0.00069,0.686327827,0.289375641,0.00227445,1.00E-05,0.174159012,0,3.30E-05,0.30337,0.166412084,0.2,0.359192085,2,1.235692663,100000,49.26714993,1812566,0.549383743,"[0.5416,0.5571]",0.00775795,0.007204687,107.6238804,2.360040102,"[2.314,2.406]",0.046215531,0.009991081,4.295795304,"[4.213,4.379]",0.082786473,0.009832404,2,0.216700941,"[0.2129,0.2205]",0.003811996,0.008975023,107.6811574,0.394443672,"[0.3878,0.4011]",0.006660082,0.008614667,0.0764,0.704558639,0.721407574,0.217273839,0.04257,0.721064503,0.755608259,0.121064756,0.23124,0.567778408,0.875137722,0.65762307,0.00142,0.622440844,0.294632434,0.004038336,0.35163,0.37826201,3,0.178661124,"[0.1753,0.182]",0.003375102,0.009638307,109.9917545,0.325202786,"[0.3192,0.3312]",0.005998915,0.009411576,0.06842,0.595205785,0.593482509,0.203964823,0.03771,0.615611458,0.641405518,0.112416157,0.22841,0.500227726,0.733542959,0.680906245,0.00091,0.511451529,0.197839154,0.002712774,0.33545,0.296525215
2,0.6,0.757056038,2,1.457555268,100000,36.00273156,1808790,1.679207279,"[1.652,1.706]",0.027026453,0.008211617,149.5651054,1.908582522,"[1.89,1.927]",0.018181074,0.004860182,1.136597338,"[1.118,1.155]",0.018635525,0.00836525,2,0.13711095,"[0.1348,0.1394]",0.002285594,0.008504933,149.6232982,0.081652189,"[0.07987,0.08343]",0.001782627,0.011138752,0.13982,0.407153318,0.221836668,0.464626325,0.13233,0.545453725,0.420489448,0.439736816,0.00913,0.468858346,0.210805517,0.030339282,0.01965,0.189425193,0.047645956,0.065297578,0.30093,0.135983453,3,0.047961328,"[0.04688,0.04904]",0.001081939,0.011509472,152.0116217,0.028561887,"[0.02779,0.02934]",0.000774487,0.013834745,0.10477,0.187765656,0.077189364,0.488871261,0.09919,0.272867961,0.132164594,0.462834212,0.00267,0.253562285,0.081484607,0.012458588,0.00768,0.071137472,0.008849777,0.035835939,0.21431,0.030471454,0.2,0.320870841,1,0.620977255,100000,40.85393095,1808790,0.559787703,"[0.5485,0.571]",0.011256074,0.010259058,154.3979342,1.418924507,"[1.401,1.437]",0.018291979,0.006577265,2.534754691,"[2.483,2.587]",0.05180671,0.010427831,2,0.127099966,"[0.125,0.1292]",0.002073643,0.008324007,154.4571116,0.2270503,"[0.2217,0.2324]",0.005346172,0.012013367,0.31565,0.376449362,0.194244334,0.963375553,0.01042,0.743467525,1.512394369,0.031802228,0.00042,0.677593459,0.582222537,0.001281856,0.00116,0.208796311,0.03001393,0.003540363,0.32765,0.111932384,3,0.081364103,"[0.07993,0.08279]",0.001430862,0.008972405,156.8231649,0.145348142,"[0.1418,0.1489]",0.003589919,0.012601409,0.30541,0.254442596,0.110839191,0.968141761,0.00971,0.37014947,0.508030406,0.030780448,8.00E-05,0.40956797,0.103037053,0.000253598,0.00026,0.107201637,0.010699141,0.000824193,0.31546,0.05329462,0.2,0.238073067,2,1.492154993,100000,45.64581275,1808790,0.55832995,"[0.547,0.5697]",0.011348725,0.010370509,159.1942909,1.676441143,"[1.649,1.703]",0.027056873,0.008234424,3.002599348,"[2.936,3.069]",0.066642334,0.011323919,2,0.182146595,"[0.1788,0.1855]",0.003355925,0.009400158,159.2524757,0.326234685,"[0.3185,0.3339]",0.00768978,0.012026181,0.12791,0.67698838,0.870952297,0.397334742,0.19256,0.489578545,0.557781938,0.598161034,0.00113,1.036258979,1.322075208,0.003510189,0.00032,0.339982922,0.035003792,0.000994036,0.32192,0.293165189,3,0.13732443,"[0.1346,0.1401]",0.002743149,0.010191673,161.5709269,0.245955694,"[0.2397,0.2522]",0.006247652,0.012959966,0.11524,0.538422614,0.658867644,0.378966753,0.18791,0.396994156,0.39727675,0.617942057,0.00089,0.747259922,0.710345686,0.002926765,5.00E-05,0.247504265,0.012205847,0.000164425,0.30409,0.195878423,0.2,0.359192085,2,1.235692663,100000,50.40559578,1808790,0.559402677,"[0.5506,0.5682]",0.008801318,0.008027256,163.9521,2.377382778,"[2.333,2.422]",0.044351586,0.009518181,4.249859497,"[4.169,4.33]",0.080567855,0.009672331,2,0.216358848,"[0.2125,0.2203]",0.003900094,0.00919696,164.0079241,0.386767631,"[0.38,0.3936]",0.006788684,0.008955285,0.07653,0.721179236,1.104930718,0.218034188,0.04207,0.698721379,0.707321296,0.11985755,0.23095,0.566856832,0.836241408,0.657977208,0.00145,0.590487837,0.174754292,0.004131054,0.351,0.395947799,3,0.178611823,"[0.1751,0.1821]",0.003464698,0.009896898,166.3588822,0.319290254,"[0.3132,0.3254]",0.006064759,0.009691071,0.06799,0.613692631,0.993582623,0.203392366,0.0371,0.600092733,0.630678058,0.110984803,0.22823,0.499746517,0.687108329,0.682750987,0.00096,0.589867476,0.321726273,0.002871844,0.33428,0.312477365
3,0.6,0.757056038,2,1.457555268,100000,37.04210615,1804203,1.671269158,"[1.645,1.698]",0.026420453,0.008065621,207.2709808,1.906466818,"[1.888,1.925]",0.018433491,0.004933127,1.140729971,"[1.122,1.159]",0.018459753,0.008256328,2,0.137314073,"[0.1351,0.1395]",0.002220986,0.008252293,207.3299882,0.082161555,"[0.08041,0.08391]",0.00175229,0.010881312,0.13853,0.413294869,0.210346371,0.461520522,0.1319,0.543824349,0.37949237,0.439432303,0.0091,0.467645607,0.1742866,0.030317164,0.02063,0.197495287,0.049097208,0.068730011,0.30016,0.128404248,3,0.048810273,"[0.04773,0.04989]",0.001076937,0.01125701,210.1542211,0.029205513,"[0.02843,0.02998]",0.00077349,0.013512439,0.10604,0.194772277,0.0749932,0.496488435,0.09745,0.276946141,0.129674316,0.456269314,0.00263,0.237624588,0.084326023,0.012313887,0.00746,0.072823967,0.010301233,0.034928364,0.21358,0.030190382,0.2,0.320870841,1,0.620977255,100000,42.92936063,1804203,0.560409245,"[0.5494,0.5715]",0.011042484,0.010053226,213.1429365,1.411822347,"[1.393,1.43]",0.018514079,0.006690614,2.519270262,"[2.469,2.57]",0.050720085,0.010271861,2,0.127392239,"[0.1253,0.1295]",0.002111223,0.008455419,213.197885,0.227320016,"[0.2221,0.2326]",0.005265047,0.011817035,0.31403,0.378970548,0.221009545,0.963489093,0.01052,0.74795231,1.083306324,0.032276869,0.00037,0.709026434,0.493920473,0.001135213,0.00101,0.250811197,0.036537492,0.003098825,0.32593,0.116026227,3,0.081779991,"[0.0803,0.08326]",0.001480855,0.009238668,215.9379888,0.145929054,"[0.1423,0.1495]",0.003620691,0.012658831,0.30377,0.257370032,0.124442248,0.96849992,0.00971,0.365940378,0.461847741,0.030958074,1.00E-05,2.43494814,0,3.19E-05,0.00016,0.131661885,0.009524858,0.000510123,0.31365,0.057083795,0.2,0.238073067,2,1.492154993,100000,48.42296529,1804203,0.559134079,"[0.5482,0.5701]",0.010932507,0.0099758,218.6438923,1.66560574,"[1.639,1.692]",0.026684715,0.008173993,2.978902203,"[2.915,3.043]",0.064002781,0.010961917,2,0.18085516,"[0.1775,0.1842]",0.00330998,0.009337667,218.7060385,0.323455798,"[0.316,0.3309]",0.007428537,0.011717428,0.12797,0.679502901,0.854411881,0.39922009,0.19104,0.482916452,0.519662899,0.595975667,0.00122,1.24971191,3.015884482,0.003805959,0.00032,0.369269165,0.058012893,0.000998284,0.32055,0.285192808,3,0.136911532,"[0.1343,0.1396]",0.002638764,0.009833415,221.4290373,0.244863507,"[0.2389,0.2508]",0.005958121,0.012414498,0.11463,0.540496507,0.563844849,0.379393659,0.18646,0.396925439,0.378842986,0.617131131,0.00099,0.942660367,0.990072381,0.003276627,6.00E-05,0.174430537,0.010140818,0.000198583,0.30214,0.181254499,0.2,0.359192085,2,1.235692663,100000,53.94574499,1804203,0.556899832,"[0.5485,0.5653]",0.008428258,0.007721553,224.1695504,2.343013576,"[2.298,2.388]",0.045123971,0.009825993,4.207244177,"[4.128,4.287]",0.079639809,0.00965776,2,0.213231242,"[0.2095,0.217]",0.003738527,0.008945274,224.2285502,0.382889758,"[0.3766,0.3892]",0.00629326,0.008385826,0.07602,0.710277922,1.044432434,0.217286915,0.04102,0.700194268,0.72655041,0.117246899,0.23155,0.560717491,0.725320968,0.661836163,0.00127,0.535283505,0.404628385,0.003630023,0.34986,0.363822046,3,0.174680978,"[0.1714,0.178]",0.003294174,0.009621546,227.0237672,0.313666781,"[0.3081,0.3193]",0.005601628,0.009111496,0.06752,0.603472035,0.933633544,0.202969999,0.03621,0.594793967,0.570846527,0.108849877,0.22808,0.490577796,0.598408373,0.685624962,0.00085,0.595379873,0.238272029,0.002555161,0.33266,0.282475597
4,0.6,0.757056038,2,1.457555268,100000,37.11230803,1800811,1.683031746,"[1.654,1.712]",0.02908647,0.008817443,268.3797185,1.904305113,"[1.886,1.922]",0.018189309,0.004873305,1.131473079,"[1.112,1.151]",0.019737333,0.008899963,2,0.136998458,"[0.1348,0.1392]",0.0022174,0.00825795,268.4377122,0.081399806,"[0.07957,0.08323]",0.001827027,0.01145158,0.13898,0.417148445,0.223760684,0.464055561,0.13116,0.538619928,0.360037693,0.437944506,0.00891,0.505041493,0.264372094,0.029750576,0.02044,0.189719074,0.041023058,0.068249357,0.29949,0.12798996,3,0.047917804,"[0.04685,0.04899]",0.001072182,0.011416039,270.8451724,0.028471123,"[0.02769,0.02925]",0.000780877,0.013993362,0.10439,0.188823582,0.070118733,0.490116907,0.09862,0.274215347,0.133968841,0.463026433,0.00279,0.227259018,0.100556708,0.013099207,0.00719,0.073621751,0.01217634,0.033757453,0.21299,0.029924347,0.2,0.320870841,1,0.620977255,100000,42.08357811,1800811,0.565191336,"[0.5535,0.5769]",0.011675739,0.010539811,273.3441637,1.417238455,"[1.399,1.436]",0.018468492,0.006648634,2.507537474,"[2.455,2.56]",0.052662611,0.010715165,2,0.127802368,"[0.1257,0.1299]",0.002084918,0.008323272,273.4055743,0.226122306,"[0.2207,0.2315]",0.005420576,0.01223055,0.31361,0.381711333,0.214798381,0.962998219,0.01073,0.708329283,0.985726818,0.032948474,0.00039,0.721612599,0.424255788,0.001197568,0.00093,0.228037496,0.056016473,0.002855739,0.32566,0.113152977,3,0.082565754,"[0.08108,0.08405]",0.001485593,0.009180023,276.1293609,0.146084607,"[0.1424,0.1498]",0.003702299,0.012930372,0.30368,0.259166715,0.123445226,0.966856633,0.01015,0.370533724,0.472527461,0.032315578,0.00012,0.624149383,1.102618641,0.000382056,0.00014,0.187075648,0.05613909,0.000445732,0.31409,0.057449656,0.2,0.238073067,2,1.492154993,100000,47.27126288,1800811,0.558871524,"[0.5466,0.5711]",0.012247136,0.011180636,278.5246568,1.655934192,"[1.63,1.682]",0.025777047,0.007942076,2.962996182,"[2.895,3.031]",0.068276284,0.011756626,2,0.178183868,"[0.1751,0.1813]",0.003115657,0.00892124,278.5795197,0.318827959,"[0.3111,0.3265]",0.007701902,0.012324959,0.12614,0.660570867,0.626845509,0.393855185,0.19255,0.48454748,0.525630154,0.601211478,0.00124,1.160066471,1.752848382,0.003871733,0.00034,0.35693715,0.068494403,0.001061604,0.32027,0.252689532,3,0.135133062,"[0.1326,0.1377]",0.002517075,0.009503387,280.9288616,0.241796291,"[0.2357,0.2479]",0.006131448,0.012937708,0.11359,0.530853557,0.472499351,0.375939103,0.18763,0.395171161,0.357232869,0.620982955,0.00091,0.751222327,0.725010209,0.003011749,2.00E-05,0.191437368,0.000517863,6.62E-05,0.30215,0.164922541,0.2,0.359192085,2,1.235692663,100000,52.03486729,1800811,0.564433094,"[0.5552,0.5736]",0.009195753,0.008312253,283.2891345,2.371553233,"[2.327,2.417]",0.045019856,0.009685346,4.201655179,"[4.122,4.281]",0.079358072,0.009636396,2,0.216348412,"[0.2125,0.2202]",0.0038583,0.009098845,283.3436234,0.383302138,"[0.3766,0.39]",0.006663987,0.008870269,0.07719,0.716570857,0.84900924,0.220335113,0.04179,0.695906515,0.695716476,0.119287529,0.22996,0.569744605,0.887167853,0.656409671,0.00139,0.67331286,0.389415772,0.003967688,0.35033,0.387507359,3,0.177673743,"[0.1743,0.1811]",0.00340874,0.009788465,285.6770511,0.314782646,"[0.3089,0.3207]",0.00589226,0.009550256,0.06822,0.61267647,0.747206292,0.204074307,0.03716,0.595092702,0.61870345,0.111160968,0.228,0.496932163,0.721486632,0.682042538,0.00091,0.508545496,0.289434553,0.002722187,0.33429,0.302465412
5,0.6,0.757056038,2,1.457555268,100000,37.87721872,1799597,1.672941966,"[1.644,1.702]",0.029297131,0.008934868,327.2890651,1.911951011,"[1.894,1.93]",0.018439919,0.004920692,1.142867505,"[1.123,1.163]",0.02011995,0.008982039,2,0.138202128,"[0.1359,0.1405]",0.002279159,0.008414026,327.352314,0.082610234,"[0.08074,0.08448]",0.001873475,0.011570653,0.1385,0.408475198,0.212054466,0.462653661,0.13193,0.555910034,0.421534927,0.440706841,0.00906,0.481223249,0.188230338,0.030264564,0.01987,0.197645665,0.044099507,0.066374933,0.29936,0.135218832,3,0.04883077,"[0.04773,0.04993]",0.001101656,0.011510552,329.7666039,0.029188562,"[0.02837,0.03]",0.000814308,0.014233765,0.10514,0.19234752,0.085012148,0.491584066,0.09824,0.278611171,0.133643125,0.459322985,0.00315,0.202582917,0.046719701,0.014727885,0.00735,0.081422287,0.009311984,0.034365065,0.21388,0.031592171,0.2,0.320870841,1,0.620977255,100000,42.79017997,1799597,0.557745675,"[0.5454,0.5701]",0.012314452,0.011264783,332.1904812,1.423811337,"[1.405,1.442]",0.01831904,0.006564387,2.552796733,"[2.496,2.61]",0.056772182,0.011346536,2,0.128230949,"[0.1262,0.1303]",0.002075579,0.008258294,332.248549,0.229909356,"[0.2241,0.2357]",0.005769815,0.012804104,0.31422,0.379867526,0.194910761,0.963451279,0.0106,0.79036651,1.416612205,0.03250138,0.00044,0.601350011,0.236727842,0.001349114,0.00088,0.257381837,0.044112179,0.002698228,0.32614,0.112141499,3,0.082122057,"[0.0806,0.08364]",0.001521836,0.009454791,334.6335461,0.147239254,"[0.1433,0.1512]",0.003986998,0.013815492,0.30336,0.258196449,0.117641452,0.967408636,0.01002,0.376600407,0.967587967,0.031953568,1.00E-05,0.205678806,0,3.19E-05,0.00019,0.105209216,0.004236087,0.000605906,0.31358,0.060286974,0.2,0.238073067,2,1.492154993,100000,47.65840816,1799597,0.55840167,"[0.5457,0.5711]",0.012697395,0.011601439,337.0576937,1.669223224,"[1.644,1.695]",0.02571517,0.007859934,2.989287666,"[2.92,3.058]",0.069144044,0.011801331,2,0.181051376,"[0.1778,0.1843]",0.003245963,0.009147147,337.1154046,0.324231437,"[0.3163,0.3322]",0.007972871,0.012545949,0.12598,0.68106377,0.730856689,0.393159192,0.19312,0.487818178,0.564215843,0.602690135,0.00109,0.889726284,0.67123343,0.003401679,0.00024,0.307141286,0.016767381,0.000748994,0.32043,0.274267914,3,0.136934699,"[0.1343,0.1396]",0.002642704,0.009846434,339.5277219,0.245226163,"[0.2389,0.2515]",0.006321517,0.013152201,0.1131,0.542928786,0.545564223,0.374428921,0.18812,0.398118226,0.396994459,0.622790174,0.00081,0.774333777,0.639698876,0.002681586,3.00E-05,0.274727786,0.001185602,9.93E-05,0.30206,0.181796268,0.2,0.359192085,2,1.235692663,100000,52.55834794,1799597,0.559259642,"[0.5508,0.5677]",0.008475975,0.007732503,341.9631641,2.361042394,"[2.317,2.406]",0.044479151,0.009611621,4.221728541,"[4.142,4.301]",0.079737908,0.009636481,2,0.216557962,"[0.2127,0.2204]",0.003864412,0.009104439,342.0189841,0.387222581,"[0.3805,0.3939]",0.006723349,0.008858678,0.07633,0.72085787,0.872066283,0.217737335,0.04254,0.714962859,0.790416297,0.121348699,0.23047,0.565827252,0.865625025,0.65743382,0.00122,0.585372274,0.269686138,0.003480146,0.35056,0.388735899,3,0.178239826,"[0.1748,0.1817]",0.003417071,0.009781223,344.369704,0.318706755,"[0.3128,0.3247]",0.005952611,0.009529281,0.06778,0.61897639,0.754241784,0.20325057,0.03754,0.598824377,0.665800935,0.112570469,0.22728,0.49842771,0.718113267,0.681540122,0.00088,0.594418999,0.205939073,0.002638839,0.33348,0.303945559
6,0.6,0.757056038,2,1.457555268,100000,39.05847549,1797066,1.668779518,"[1.644,1.694]",0.025212052,0.007708203,387.2465191,1.918240678,"[1.9,1.937]",0.018622688,0.00495317,1.149487189,"[1.132,1.167]",0.017862807,0.007928472,2,0.139413213,"[0.1371,0.1417]",0.002290879,0.008383824,387.3103092,0.083542021,"[0.08178,0.0853]",0.001757336,0.010732325,0.13891,0.412574112,0.237158152,0.463589641,0.13162,0.55934039,0.393043378,0.439260446,0.00898,0.506445177,0.301781926,0.029969296,0.02013,0.195443793,0.03810935,0.067180617,0.29964,0.136613041,3,0.049314767,"[0.0482,0.05043]",0.001115146,0.011537159,389.8753965,0.029551397,"[0.02877,0.03033]",0.000779831,0.013463755,0.10473,0.192217639,0.077457794,0.492754305,0.09809,0.285652992,0.14636066,0.461513127,0.00292,0.216456207,0.065244327,0.01373859,0.0068,0.078243991,0.013463577,0.031993978,0.21254,0.03237067,0.2,0.320870841,1,0.620977255,100000,44.12443209,1797066,0.560404524,"[0.5499,0.5709]",0.010525587,0.009582716,392.2900217,1.431529639,"[1.413,1.45]",0.018239828,0.006500763,2.554457677,"[2.505,2.604]",0.049212377,0.009829231,2,0.129203239,"[0.1272,0.1313]",0.002047791,0.008086419,392.3485005,0.230553525,"[0.2254,0.2357]",0.005118622,0.011327269,0.31474,0.383189733,0.205447192,0.963214592,0.01058,0.756352811,0.774874525,0.032378504,0.00052,0.747317588,0.664029116,0.001591382,0.00092,0.225309025,0.045907549,0.002815522,0.32676,0.109158936,3,0.083245839,"[0.08179,0.0847]",0.001458575,0.008939438,394.7562237,0.148545979,"[0.145,0.1521]",0.003555832,0.012213053,0.30343,0.260720658,0.120666144,0.965046753,0.01071,0.37993802,0.322415081,0.034062719,7.00E-05,0.681834683,0.498361829,0.000222632,0.00021,0.088117714,0.006284432,0.000667896,0.31442,0.055379056,0.2,0.238073067,2,1.492154993,100000,48.98732686,1797066,0.55624038,"[0.5458,0.5667]",0.010428587,0.009565483,397.1535358,1.684813409,"[1.658,1.711]",0.026512465,0.008028644,3.028930421,"[2.966,3.092]",0.062983033,0.010609092,2,0.18122564,"[0.178,0.1844]",0.003202396,0.009015698,397.2106922,0.325804538,"[0.3187,0.333]",0.007149845,0.01119653,0.12635,0.673748488,0.676178701,0.394252371,0.1925,0.49112998,0.559814998,0.600661508,0.00134,1.071073404,0.898699804,0.004181228,0.00029,0.412962604,0.067518615,0.000904893,0.32048,0.266954983,3,0.13674871,"[0.1342,0.1393]",0.002529136,0.009436106,399.5854335,0.245844628,"[0.2402,0.2515]",0.005692809,0.011814349,0.1129,0.53972946,0.489709252,0.374026835,0.1879,0.399179995,0.351419176,0.622494617,0.00098,0.809181075,0.420113118,0.003246646,7.00E-05,0.204785787,0.019434316,0.000231903,0.30185,0.166506837,0.2,0.359192085,2,1.235692663,100000,53.8167541,1797066,0.562648331,"[0.5545,0.5708]",0.008156272,0.007396029,401.9822166,2.412913872,"[2.365,2.461]",0.048086553,0.010167771,4.288493791,"[4.204,4.373]",0.084611542,0.010066274,2,0.218004879,"[0.2141,0.2219]",0.003862078,0.00903855,402.0401521,0.387462056,"[0.3809,0.394]",0.006545781,0.008619384,0.07771,0.706231779,0.815796298,0.221358172,0.04292,0.719981773,0.925555947,0.122258303,0.22913,0.573982044,0.853620656,0.652680453,0.0013,0.542680261,0.156727151,0.003703071,0.35106,0.388266575,3,0.17870325,"[0.1753,0.1821]",0.003402468,0.009714167,404.4309735,0.317610913,"[0.3117,0.3235]",0.005897368,0.009473419,0.06886,0.600927058,0.687090907,0.206353012,0.03736,0.608614225,0.822777492,0.111956847,0.22657,0.503508611,0.699855632,0.678963141,0.00091,0.555647944,0.26799936,0.002727,0.3337,0.301353387
7,0.6,0.757056038,2,1.457555268,100000,37.09293509,1808522,1.663184531,"[1.637,1.689]",0.025853204,0.007930816,445.635838,1.91464898,"[1.896,1.933]",0.018338766,0.004886803,1.151194557,"[1.133,1.17]",0.018487934,0.008193767,2,0.138140554,"[0.1359,0.1404]",0.00225128,0.008314809,445.7048388,0.083057864,"[0.08129,0.08483]",0.001772012,0.010885034,0.13952,0.409631529,0.215675114,0.463660231,0.13286,0.550229205,0.391706184,0.441527367,0.00887,0.475731065,0.215919724,0.029477252,0.01966,0.186448454,0.032544808,0.06533515,0.30091,0.131931031,3,0.048900459,"[0.04775,0.05005]",0.001148837,0.011986415,448.1113687,0.029401704,"[0.02859,0.03021]",0.000807081,0.014005184,0.10501,0.191130799,0.081696603,0.493050991,0.09875,0.281528398,0.16339185,0.463658559,0.00244,0.209048462,0.06974926,0.011456475,0.00678,0.076520032,0.007980822,0.031833975,0.21298,0.034356149,0.2,0.320870841,1,0.620977255,100000,42.03368163,1808522,0.554213276,"[0.5432,0.5652]",0.010978593,0.0101068,450.5569715,1.4267312,"[1.409,1.445]",0.018020575,0.006444221,2.57433602,"[2.522,2.626]",0.052110489,0.010327705,2,0.129950336,"[0.1279,0.132]",0.002065923,0.008111118,450.617501,0.234477126,"[0.2291,0.2399]",0.005398578,0.011746888,0.31591,0.384210119,0.206750212,0.962729323,0.01071,0.744671342,0.878990048,0.032638508,0.00048,0.736045848,0.722629828,0.00146279,0.00104,0.236331899,0.020495313,0.003169379,0.32814,0.111100556,3,0.083340455,"[0.08187,0.08481]",0.001470428,0.009001852,453.0169632,0.150376142,"[0.1467,0.1541]",0.003713541,0.012599496,0.30553,0.260362086,0.1223799,0.96741815,0.01012,0.367094728,0.359481982,0.032043569,5.00E-05,1.084391049,1.193088063,0.000158318,0.00012,0.190067886,0.014860076,0.000379963,0.31582,0.056282776,0.2,0.238073067,2,1.492154993,100000,46.88866305,1808522,0.556287935,"[0.5448,0.5678]",0.01150159,0.010548779,455.412221,1.668276535,"[1.643,1.694]",0.025771038,0.00788148,2.998944304,"[2.933,3.065]",0.06636875,0.011291176,2,0.180660929,"[0.1775,0.1838]",0.003175781,0.008968714,455.4723678,0.324761544,"[0.3172,0.3323]",0.007576182,0.011902269,0.12711,0.68070287,0.770533796,0.393907465,0.19408,0.479079075,0.473171109,0.60144411,0.00128,0.850413846,0.777857341,0.003966655,0.00022,0.311774967,0.064364065,0.000681769,0.32269,0.262535976,3,0.136994539,"[0.1344,0.1396]",0.002576594,0.009595921,457.8464911,0.246265522,"[0.2402,0.2523]",0.006075284,0.012586556,0.11461,0.547441808,0.578319537,0.376696795,0.18878,0.389807779,0.324231495,0.620476582,0.00085,0.78015287,0.63747697,0.002793755,1.00E-05,0.11907258,0,3.29E-05,0.30425,0.172814362,0.2,0.359192085,2,1.235692663,100000,51.70384431,1808522,0.555874963,"[0.5478,0.564]",0.0080814,0.007417429,460.2280576,2.368678801,"[2.324,2.413]",0.044497949,0.009584683,4.26117195,"[4.181,4.341]",0.079815174,0.009556532,2,0.216895699,"[0.2131,0.2207]",0.003822612,0.008991935,460.2890348,0.390187925,"[0.3835,0.3968]",0.006660746,0.008709495,0.07804,0.695889068,0.688133822,0.221396352,0.04132,0.704176528,0.845014408,0.117223184,0.23153,0.57306184,0.880675805,0.656841329,0.0016,0.506833587,0.105171059,0.004539136,0.35249,0.380371688,3,0.178483044,"[0.1751,0.1819]",0.003386475,0.009680436,462.6474915,0.321084877,"[0.3151,0.327]",0.005942268,0.009442267,0.06912,0.598686442,0.59247647,0.205941066,0.03653,0.604235345,0.768799909,0.108840092,0.22893,0.500122466,0.722789905,0.682090397,0.00105,0.510556174,0.221924269,0.003128445,0.33563,0.298527074
8,0.6,0.757056038,2,1.457555268,100000,37.32275295,1819008,1.658003758,"[1.632,1.684]",0.026169417,0.008052903,503.6956067,1.915204456,"[1.897,1.933]",0.018231871,0.00485691,1.155126728,"[1.136,1.174]",0.018716091,0.008266648,2,0.138481696,"[0.1362,0.1407]",0.002238301,0.008246506,503.7514825,0.08352315,"[0.08174,0.08531]",0.001787603,0.010919638,0.13928,0.408052238,0.217365817,0.460597242,0.13335,0.552654565,0.376909651,0.440986805,0.00939,0.455028765,0.198941806,0.031052614,0.02037,0.180607473,0.032362981,0.067363339,0.30239,0.130414134,3,0.049246387,"[0.04814,0.05035]",0.001102855,0.01142584,506.1508152,0.029702217,"[0.02891,0.03049]",0.000792432,0.013611849,0.10637,0.189621844,0.071686499,0.493642101,0.09888,0.283104185,0.145451479,0.458882495,0.00304,0.193358495,0.045720638,0.014108038,0.00719,0.068867882,0.005874075,0.033367366,0.21548,0.031661032,0.2,0.320870841,1,0.620977255,100000,42.18949509,1819008,0.558364596,"[0.548,0.5687]",0.010343685,0.009451514,508.5466378,1.42910831,"[1.411,1.447]",0.018285055,0.006527924,2.559453662,"[2.511,2.608]",0.048589172,0.009685815,2,0.128481561,"[0.1265,0.1305]",0.002018476,0.008015428,508.602916,0.230103345,"[0.2251,0.2351]",0.005021503,0.011134089,0.31672,0.380830717,0.20167339,0.963260341,0.01075,0.679972883,0.676997369,0.032694647,0.00045,0.743606675,0.33584896,0.001368613,0.00088,0.250596672,0.058611926,0.002676399,0.3288,0.106055957,3,0.082560258,"[0.08112,0.084]",0.001438003,0.008886542,510.9915755,0.147860839,"[0.1444,0.1513]",0.003470985,0.011976874,0.30599,0.258110642,0.117595743,0.967129176,0.01021,0.347046131,0.296240655,0.032270299,5.00E-05,0.276168521,0.075231345,0.000158033,0.00014,0.170236382,0.069027311,0.000442492,0.31639,0.053827933,0.2,0.238073067,2,1.492154993,100000,47.05428219,1819008,0.552976878,"[0.5422,0.5638]",0.010807323,0.009971376,513.4149237,1.67980801,"[1.654,1.706]",0.026000349,0.007897024,3.037754518,"[2.974,3.102]",0.064185188,0.010780181,2,0.181661522,"[0.1785,0.1848]",0.003167155,0.008895089,513.468991,0.328515585,"[0.3213,0.3358]",0.007252646,0.011263787,0.1273,0.678311986,0.727218556,0.393666698,0.19449,0.483189622,0.48931115,0.601447259,0.00126,0.960766624,0.9055433,0.003896465,0.00032,0.394659397,0.119019406,0.000989579,0.32337,0.261111774,3,0.137406357,"[0.1348,0.14]",0.002558863,0.009501323,515.8223937,0.248484814,"[0.2427,0.2543]",0.005787864,0.011883994,0.11465,0.541887318,0.537537798,0.375409299,0.18982,0.39281589,0.335031033,0.621545514,0.0009,0.784280783,0.650804502,0.002946955,3.00E-05,0.293695474,0.075739665,9.82E-05,0.3054,0.17044405,0.2,0.359192085,2,1.235692663,100000,51.85815811,1819008,0.553744898,"[0.5458,0.5617]",0.007982723,0.007355044,518.2164135,2.380571406,"[2.337,2.425]",0.043955869,0.009420622,4.299039887,"[4.219,4.379]",0.080171869,0.009514686,2,0.216413021,"[0.2127,0.2201]",0.00369373,0.008708146,518.2721198,0.390817183,"[0.3844,0.3973]",0.00643561,0.008401561,0.07581,0.710677829,0.796108794,0.215571416,0.04189,0.718642896,0.802679949,0.119117354,0.23266,0.566239241,0.742891931,0.661586146,0.00131,0.527757579,0.218761872,0.003725083,0.35167,0.355155226,3,0.1778163,"[0.1746,0.1811]",0.003233835,0.009278767,520.6444278,0.321115916,"[0.3154,0.3268]",0.005731209,0.009106015,0.06741,0.607981385,0.639485981,0.201199857,0.03655,0.617574423,0.679708504,0.109091452,0.23024,0.494641693,0.610009945,0.687201528,0.00084,0.444793315,0.100497464,0.002507163,0.33504,0.272222295
9,0.6,0.757056038,2,1.457555268,100000,37.20522928,1803517,1.657229251,"[1.631,1.683]",0.025827252,0.007951326,561.6640365,1.92716878,"[1.908,1.946]",0.018743296,0.004962153,1.162886052,"[1.144,1.182]",0.018651563,0.008183178,2,0.139684496,"[0.1374,0.142]",0.002332042,0.00851789,561.7232943,0.084287974,"[0.08247,0.0861]",0.00181368,0.010978399,0.13962,0.410172809,0.209432424,0.462900338,0.13241,0.560246146,0.462008968,0.438996088,0.00922,0.470370825,0.224695022,0.030568265,0.02037,0.191318476,0.037078179,0.067535309,0.30162,0.141566484,3,0.049861393,"[0.04872,0.05101]",0.001144035,0.011706273,564.3319111,0.030087203,"[0.02927,0.0309]",0.000814426,0.013810631,0.10613,0.196949149,0.081873813,0.494087523,0.09865,0.2830614,0.157347367,0.459264432,0.00276,0.183072845,0.039593471,0.012849162,0.00726,0.072987822,0.011399993,0.033798883,0.2148,0.03406953,0.2,0.320870841,1,0.620977255,100000,42.46902919,1803517,0.551170849,"[0.541,0.5614]",0.010179556,0.009422942,566.9216931,1.431598376,"[1.413,1.45]",0.018816349,0.006705916,2.597376798,"[2.548,2.647]",0.049547941,0.009732728,2,0.12918195,"[0.1271,0.1313]",0.002077748,0.008206066,566.9831691,0.234377326,"[0.2292,0.2395]",0.005163718,0.011240635,0.31676,0.381721123,0.202530748,0.962971971,0.01062,0.724464403,1.189067981,0.032285523,0.00043,0.721992224,0.546968912,0.001307229,0.00113,0.23336144,0.028557309,0.003435277,0.32894,0.11237603,3,0.083754013,"[0.08224,0.08527]",0.001512878,0.009215996,569.4344459,0.151956535,"[0.1483,0.1556]",0.003617879,0.012147268,0.30734,0.260005055,0.118580686,0.968152465,0.00985,0.38369778,0.79246781,0.031028508,4.00E-05,0.964311971,1.843248833,0.000126004,0.00022,0.118469455,0.01150389,0.000693023,0.31745,0.059579354,0.2,0.238073067,2,1.492154993,100000,47.41095972,1803517,0.550257769,"[0.5398,0.5607]",0.010443554,0.00968336,571.8589263,1.68130599,"[1.654,1.709]",0.0274152,0.008319335,3.055487964,"[2.99,3.121]",0.065613196,0.010956064,2,0.181393233,"[0.1782,0.1846]",0.003157108,0.008879985,571.9230783,0.32965138,"[0.3224,0.3369]",0.007266297,0.011246105,0.12686,0.671915419,0.683468346,0.391482796,0.19573,0.485323492,0.514995157,0.604011727,0.00115,0.902600537,0.40818644,0.003548835,0.00031,0.398983356,0.081360839,0.000956642,0.32405,0.25945772,3,0.137958044,"[0.1354,0.1405]",0.002560256,0.009468482,574.3584256,0.250715304,"[0.2448,0.2566]",0.005872154,0.011949798,0.11353,0.540844113,0.506678629,0.370855519,0.19162,0.396415033,0.354539722,0.625943227,0.00095,0.619809335,0.541551939,0.003103257,3.00E-05,0.204807534,0.011493891,9.80E-05,0.30613,0.170629767,0.2,0.359192085,2,1.235692663,100000,52.71061158,1803517,0.557393025,"[0.5493,0.5655]",0.008074025,0.007390477,577.1686828,2.381399158,"[2.337,2.426]",0.044169156,0.009463044,4.272387795,"[4.193,4.352]",0.079795113,0.009529049,2,0.219402088,"[0.2156,0.2232]",0.003820983,0.008885426,577.2453804,0.393621875,"[0.3869,0.4003]",0.006672587,0.008648862,0.07852,0.717911492,0.93149907,0.221939569,0.04119,0.741606273,0.876881492,0.116424998,0.23267,0.566140996,0.775673474,0.657650018,0.00141,0.539637791,0.24202074,0.003985415,0.35379,0.380047588,3,0.180695398,"[0.1773,0.1841]",0.003389554,0.009570605,579.9313486,0.324179511,"[0.3182,0.3302]",0.005986996,0.009422525,0.06964,0.612592046,0.879759352,0.206212431,0.03651,0.634962313,0.797606651,0.108110509,0.23052,0.496101968,0.622066831,0.682597495,0.00104,0.471719596,0.110473433,0.003079565,0.33771,0.299070052
1,1,1,1,1,1,1,1,1,1,1,1,1,1,0.9,1,,,,,,,,,,,,,,,,,,,,,,,,,,,,,,,,,,,,,,,,,,,,,,,,,,,,,,,,,,,,,,,,,,,,,,,,,,,,,,,,,,,,,,,,,,,,,,,,,,,,,,,,,,,,,,,,,,,,,,,,,,,,,,,,,,,,,,,,,,,,,,,,,,,,,,,,,,,,,,,,,,,,,,,,,,,,,,,,,,,,,,,,,,,,,,,,,,,,,,,,,,,,,,,,,,,,,,,,,,,,,,,,,,,,,,,,,,,,,,,,,,,,,,,,,,,,,,,,,,,,,,,,,,,,,,,,,,,,,,,,,,,,,,,,,
0,0.6,0.757056038322328,2,1.45755526837829,100000,31.083051204681396,1819461,1.6629824502535173,"[1.635,1.691]",0.02807139602906279,0.00861232229418363,39.459261894226074,1.9278358726540787,"[1.909,1.946]",0.01847155317297276,0.004888518756511555,1.1592641115125328,"[1.139,1.179]",0.019947923542096114,0.008779286713184425,2,0.1393046623067943,"[0.137,0.1416]",0.002268264606021819,0.008307531428248326,39.5248441696167,0.08376796897980353,"[0.08191,0.08563]",0.001860549792926205,0.011332017595658838,0.1393,0.41106362387556983,0.22173446220429416,0.4611361228813559,0.13296,0.5551830875949615,0.39440532663102895,0.4401483050847458,0.00949,0.46599344241386664,0.19652356281815775,0.03141551906779661,0.02033,0.1871164980715078,0.041794057039492655,0.0673000529661017,0.30208,0.13392920457443042,3,0.049462103848671495,"[0.04837,0.05056]",0.0010933681122308853,0.01127814690806302,41.93339490890503,0.029743010120841098,"[0.02894,0.03055]",0.000802680331654431,0.013768975627970545,0.1056,0.19194968736316043,0.07575233168322863,0.49052396878483834,0.09901,0.2826154833844474,0.13414791768706588,0.4599126718691936,0.00316,0.21236996799462188,0.07365265502805297,0.014678558156819026,0.00751,0.07182007381685905,0.009432264082962213,0.034884801189149016,0.21528,0.031118644024451535,0.2,0.320870841120882,1,0.620977255373011,100000,35.990511417388916,1819461,0.5569971904067084,"[0.5456,0.5684]",0.011380223155117065,0.010424175208840022,44.349937915802,1.4306063184017743,"[1.413,1.449]",0.017962218834843422,0.00640595336874661,2.568426453564647,"[2.516,2.621]",0.052672431036024245,0.010463094735220767,2,0.12844353703197137,"[0.1264,0.1305]",0.0020178010147803775,0.008015119619504123,44.42668151855469,0.23059997293376727,"[0.2252,0.236]",0.005367961903491951,0.011876653923098257,0.31665,0.3783354084422059,0.18709377970998917,0.9633404320048676,0.01076,0.7363812475972398,0.8826506362989679,0.0327350167325829,0.00039,1.0119398599250506,1.8015028201035987,0.001186492242166109,0.0009,0.3616790880331226,1.5147616168006783,0.0027380590203833284,0.3287,0.1059850305926885,3,0.0826801058897486,"[0.08127,0.08409]",0.0014137845469405252,0.008724210481298653,46.80876684188843,0.1484389998976067,"[0.1448,0.1521]",0.003669501544703329,0.012612552408439861,0.30655,0.2575195450207408,0.109370811941331,0.9673398548437993,0.01019,0.3651495354571769,0.3579736900058997,0.03215525402335122,3e-05,0.1203604167032933,0.002242345707820956,9.466708740927737e-05,0.00013,0.10003680639045769,0.007228677835668703,0.00041022404544020194,0.3169,0.052030058964177076,0.2,0.238073067036217,2,1.49215499325418,100000,40.83047127723694,1819461,0.5529515216515622,"[0.5417,0.5642]",0.011277543493983496,0.010405701939718851,49.185072898864746,1.676222800473996,"[1.651,1.702]",0.025359181497048463,0.007718757854265387,3.031410051042872,"[2.966,3.097]",0.0651950319716262,0.01097270605230456,2,0.18189779570409334,"[0.1787,0.1851]",0.003226840629257344,0.009050946733315069,49.25382924079895,0.3289579440179472,"[0.3214,0.3365]",0.007573327381274972,0.01174600769408996,0.1279,0.6792392950950117,0.7346437931908671,0.3954487833534304,0.19398,0.48288627929292627,0.5346999682573758,0.599758834987478,0.00132,0.9613360731758847,0.7180771519206672,0.004081254058065115,0.00023,0.36454690264062056,0.050268923305634566,0.0007111276010264972,0.32343,0.2710459299933865,3,0.137066862793137,"[0.1345,0.1396]",0.0025549276585527555,0.00951020905495651,51.597248554229736,0.24788224179896287,"[0.2419,0.2539]",0.005991319910301414,0.012331645261954186,0.11481,0.5392175921554898,0.5171684816117404,0.3763151856829132,0.18924,0.39310989222548187,0.34687822351902664,0.6202759841358287,0.00102,0.7487256800135133,0.48026126670904545,0.003343275754695336,2e-05,0.17374197006311237,1.1649237808813748e-05,6.555442656265364e-05,0.30509,0.16992022439707066,0.2,0.359192084875008,2,1.23569266294702,100000,45.632633209228516,1819461,0.5528112380096594,"[0.5447,0.5609]",0.008099668979657559,0.007475398271882572,54.001161336898804,2.367050819183028,"[2.324,2.41]",0.042569157852270334,0.009175535189983451,4.28184279991368,"[4.203,4.361]",0.07869366742532417,0.009376764209992096,2,0.216058705386197,"[0.2123,0.2198]",0.003761802954032022,0.008883174681687802,54.074583292007446,0.3908363118016457,"[0.3841,0.3975]",0.006697735662050279,0.008743333127677529,0.0785,0.7212471503812373,0.8070374662080558,0.222549825645678,0.04182,0.7100460832244412,0.7015969142123427,0.11856093896181215,0.23121,0.5584680177545875,0.8124434258965398,0.6554871998412384,0.0012,0.5194054131546011,0.12893209830730876,0.003402035551271511,0.35273,0.3683663438401719,3,0.17865061523249795,"[0.1753,0.182]",0.0033410426347049898,0.009541604919282229,56.40550494194031,0.32316748095735415,"[0.3171,0.3293]",0.006082870203005895,0.009603395726641189,0.0701,0.6137622569076367,0.6797722082129906,0.20815393295127238,0.03779,0.6090298838464795,0.6290166828920392,0.11221308311310389,0.2281,0.4918638117984527,0.6797904071670914,0.6773168631410161,0.00078,0.5339823608809293,0.2223825856152874,0.0023161207946075955,0.33677,0.2905707488264385
0,0.6,0.757056038322328,2,1.45755526837829,100000,29.352506637573242,1819461,1.6629824502535173,"[1.635,1.691]",0.02807139602906279,0.00861232229418363,37.835800647735596,1.9278358726540787,"[1.909,1.946]",0.01847155317297276,0.004888518756511555,1.1592641115125328,"[1.139,1.179]",0.019947923542096114,0.008779286713184425,2,0.1393046623067943,"[0.137,0.1416]",0.002268264606021819,0.008307531428248326,37.900030851364136,0.08376796897980353,"[0.08191,0.08563]",0.001860549792926205,0.011332017595658838,0.1393,0.41106362387556983,0.22173446220429416,0.4611361228813559,0.13296,0.5551830875949615,0.39440532663102895,0.4401483050847458,0.00949,0.46599344241386664,0.19652356281815775,0.03141551906779661,0.02033,0.1871164980715078,0.041794057039492655,0.0673000529661017,0.30208,0.13392920457443042,3,0.049462103848671495,"[0.04837,0.05056]",0.0010933681122308853,0.01127814690806302,40.19295048713684,0.029743010120841098,"[0.02894,0.03055]",0.000802680331654431,0.013768975627970545,0.1056,0.19194968736316043,0.07575233168322863,0.49052396878483834,0.09901,0.2826154833844474,0.13414791768706588,0.4599126718691936,0.00316,0.21236996799462188,0.07365265502805297,0.014678558156819026,0.00751,0.07182007381685905,0.009432264082962213,0.034884801189149016,0.21528,0.031118644024451535,0.2,0.320870841120882,1,0.620977255373011,100000,34.06416869163513,1819461,0.5569971904067084,"[0.5456,0.5684]",0.011380223155117065,0.010424175208840022,42.52809715270996,1.4306063184017743,"[1.413,1.449]",0.017962218834843422,0.00640595336874661,2.568426453564647,"[2.516,2.621]",0.052672431036024245,0.010463094735220767,2,0.12844353703197137,"[0.1264,0.1305]",0.0020178010147803775,0.008015119619504123,42.59185028076172,0.23059997293376727,"[0.2252,0.236]",0.005367961903491951,0.011876653923098257,0.31665,0.3783354084422059,0.18709377970998917,0.9633404320048676,0.01076,0.7363812475972398,0.8826506362989679,0.0327350167325829,0.00039,1.0119398599250506,1.8015028201035987,0.001186492242166109,0.0009,0.3616790880331226,1.5147616168006783,0.0027380590203833284,0.3287,0.1059850305926885,3,0.0826801058897486,"[0.08127,0.08409]",0.0014137845469405252,0.008724210481298653,44.90798091888428,0.1484389998976067,"[0.1448,0.1521]",0.003669501544703329,0.012612552408439861,0.30655,0.2575195450207408,0.109370811941331,0.9673398548437993,0.01019,0.3651495354571769,0.3579736900058997,0.03215525402335122,3e-05,0.1203604167032933,0.002242345707820956,9.466708740927737e-05,0.00013,0.10003680639045769,0.007228677835668703,0.00041022404544020194,0.3169,0.052030058964177076,0.2,0.238073067036217,2,1.49215499325418,100000,38.77270150184631,1819461,0.5529515216515622,"[0.5417,0.5642]",0.011277543493983496,0.010405701939718851,47.2352774143219,1.676222800473996,"[1.651,1.702]",0.025359181497048463,0.007718757854265387,3.031410051042872,"[2.966,3.097]",0.0651950319716262,0.01097270605230456,2,0.18189779570409334,"[0.1787,0.1851]",0.003226840629257344,0.009050946733315069,47.308390378952026,0.3289579440179472,"[0.3214,0.3365]",0.007573327381274972,0.01174600769408996,0.1279,0.6792392950950117,0.7346437931908671,0.3954487833534304,0.19398,0.48288627929292627,0.5346999682573758,0.599758834987478,0.00132,0.9613360731758847,0.7180771519206672,0.004081254058065115,0.00023,0.36454690264062056,0.050268923305634566,0.0007111276010264972,0.32343,0.2710459299933865,3,0.137066862793137,"[0.1345,0.1396]",0.0025549276585527555,0.00951020905495651,49.59945321083069,0.24788224179896287,"[0.2419,0.2539]",0.005991319910301414,0.012331645261954186,0.11481,0.5392175921554898,0.5171684816117404,0.3763151856829132,0.18924,0.39310989222548187,0.34687822351902664,0.6202759841358287,0.00102,0.7487256800135133,0.48026126670904545,0.003343275754695336,2e-05,0.17374197006311237,1.1649237808813748e-05,6.555442656265364e-05,0.30509,0.16992022439707066,0.2,0.359192084875008,2,1.23569266294702,100000,43.46275019645691,1819461,0.5528112380096594,"[0.5447,0.5609]",0.008099668979657559,0.007475398271882572,51.9295220375061,2.367050819183028,"[2.324,2.41]",0.042569157852270334,0.009175535189983451,4.28184279991368,"[4.203,4.361]",0.07869366742532417,0.009376764209992096,2,0.216058705386197,"[0.2123,0.2198]",0.003761802954032022,0.008883174681687802,51.991032123565674,0.3908363118016457,"[0.3841,0.3975]",0.006697735662050279,0.008743333127677529,0.0785,0.7212471503812373,0.8070374662080558,0.222549825645678,0.04182,0.7100460832244412,0.7015969142123427,0.11856093896181215,0.23121,0.5584680177545875,0.8124434258965398,0.6554871998412384,0.0012,0.5194054131546011,0.12893209830730876,0.003402035551271511,0.35273,0.3683663438401719,3,0.17865061523249795,"[0.1753,0.182]",0.0033410426347049898,0.009541604919282229,54.2731146812439,0.32316748095735415,"[0.3171,0.3293]",0.006082870203005895,0.009603395726641189,0.0701,0.6137622569076367,0.6797722082129906,0.20815393295127238,0.03779,0.6090298838464795,0.6290166828920392,0.11221308311310389,0.2281,0.4918638117984527,0.6797904071670914,0.6773168631410161,0.00078,0.5339823608809293,0.2223825856152874,0.0023161207946075955,0.33677,0.2905707488264385
