2022-02-27 02:26:45.168556,0.6,0.899887,2.0,1.075891,100000,20.35695171356201,2384968,1.5331509405991843,"[1.457,1.609]",0.07633171121367914,0.025401771989914907,1.510185778364378,"[1.487,1.534]",0.02358311204996804,0.007967364146764444,0.9850209384955723,"[0.939,1.031]",0.04598466352162678,0.023818339391923102,5,0.005061394308331573,"[0.004918,0.005204]",0.00014307470090680954,0.014422369002324964,0.0033013020272834224,"[0.003111,0.003492]",0.00019073333171312472,0.029477134639361642,0.27397,0.31403,0.588,0.5340646258503401,0.006962054488963017,0.010043627169348073,0.00043769452757577953,0.001253402816865222,0.0005328605278939247,0.2,0.614264,1.0,0.242444,0.5112983704014559,"[0.4713,0.5513]",0.04002562295487126,0.039939959490641046,24.1865496635437,0.991861113916186,"[0.9643,1.019]",0.027541812249875165,0.01416725066472757,24.19494938850403,1.9398871018059514,"[1.796,2.083]",0.14355664383551794,0.03775641662969976,24.219914436340332,0.024816118044422554,"[0.02379,0.02585]",0.001030522756360869,0.02118691229504432,24.262720823287964,0.048535492152923736,"[0.04426,0.05281]",0.004276359430374712,0.0449530011775936,24.27566146850586,0.57522,0.00371,0.57893,0.006408374069403901,0.041754840110953026,0.21506709320758968,0.04578083717436039,0.20254567356967185,0.027644136593544436,0.003665186357158287,"[0.003533,0.003797]",0.0001320945111715264,0.018387921429794927,25.784220218658447,0.007168390453269965,"[0.006548,0.007788]",0.0006200349855196135,0.04413046170257713,25.79714870452881,0.48549,0.00605,0.49154,0.012308255686210684,0.007347269276423695,0.01622489192518132,0.0008862230097439098,0.0015853521699251971,0.00045421074244180864
2022-02-27 02:26:45.168556,0.6,0.899887,2.0,1.075891,100000,20.19602346420288,2390800,1.4781550795895164,"[1.419,1.537]",0.058856535982607615,0.02031508419091218,1.4933813902273954,"[1.473,1.514]",0.02037419186921349,0.006960710719755723,1.0103008884846556,"[0.97,1.051]",0.04032891382440942,0.020366186623756215,5,0.004975107565723786,"[0.00485,0.0051]",0.0001251175508212112,0.012830975867267702,0.0033657548077468116,"[0.003205,0.003526]",0.00016059787242537923,0.024344521420382785,0.27695,0.31253,0.58948,0.5301791409377756,0.006831090159791075,0.009865411787571264,0.00039735745236589554,0.0008922648172192503,0.00040749691595945377,0.2,0.614264,1.0,0.242444,0.4831178480644985,"[0.4558,0.5105]",0.027342246041244453,0.028875202162650725,50.12221670150757,0.984728155798387,"[0.9627,1.007]",0.022055785096222722,0.011427470123043173,50.130768060684204,2.0382773266263623,"[1.928,2.148]",0.10993546619206378,0.02751810209271944,50.155771255493164,0.02445156159656875,"[0.02363,0.02527]",0.0008207552217275093,0.01712580452143602,50.19896364212036,0.050612002215460174,"[0.0473,0.05392]",0.0033090095587931406,0.03335711114274033,50.212108850479126,0.5763,0.00399,0.5802900000000001,0.006875872408623275,0.04089680566878452,0.22123621294441714,0.027397614027721364,0.29695013946130483,0.017535379372994923,0.0038157062426760102,"[0.003647,0.003984]",0.00016867054232473395,0.02255320343657268,51.72723627090454,0.00789808585620003,"[0.007328,0.008468]",0.0005700505648142236,0.03682438127421771,51.7402765750885,0.48743,0.00581,0.49323999999999996,0.011779255534830915,0.007621866398744468,0.017311515307400008,0.001413434324999794,0.006217266321145233,0.0007405703833850446
2022-02-27 02:26:45.168556,0.6,0.899887,2.0,1.075891,100000,20.406018495559692,2359633,1.4495547440863796,"[1.403,1.496]",0.046245580111429097,0.016277193963579583,1.477777325802699,"[1.459,1.497]",0.019001839801669806,0.006560403963483273,1.0194698281189147,"[0.9875,1.051]",0.03199355550409715,0.016011501423490088,5,0.004944307128336514,"[0.004808,0.005081]",0.0001365472990529716,0.014090344208892155,0.003410914384922244,"[0.003265,0.003557]",0.0001460821159710772,0.021850941832911825,0.27584,0.31008,0.58592,0.529219006007646,0.006745553945316083,0.009944574071402623,0.0003279281592821042,0.0012129862529648872,0.0004853489399901516,0.2,0.614264,1.0,0.242444,0.47698892779035695,"[0.4541,0.4999]",0.0228975783344844,0.02449205263500778,76.26559686660767,0.9918073117951225,"[0.965,1.019]",0.026773989962140227,0.013773037159356424,76.27416563034058,2.0793088770207997,"[1.979,2.179]",0.0998553218488242,0.024501695415742084,76.29926085472107,0.02508699577147752,"[0.02373,0.02645]",0.0013604295104606733,0.027667589030317286,76.34243702888489,0.05259450337284054,"[0.04877,0.05641]",0.0038198456214244008,0.03705521874484981,76.35552287101746,0.57334,0.00373,0.57707,0.006463687247647599,0.04246667483235643,0.19816418849712839,0.08257652241550743,0.0754718172194376,0.048177021369540496,0.003809546728848667,"[0.003633,0.003986]",0.0001763611136170535,0.023619649898846323,77.90757608413696,0.007986656517366823,"[0.00745,0.008523]",0.000536682979231009,0.034284415005330686,77.92110323905945,0.48447,0.0062,0.49067,0.01263578372429535,0.007660144005039469,0.015876897214063903,0.001619601630644863,0.0015349446253180579,0.0008096429195191395
2022-02-27 02:26:45.168556,0.6,0.899887,2.0,1.075891,100000,20.480997800827026,2381997,1.512708781391119,"[1.433,1.593]",0.08006531048271988,0.02700430427058348,1.5014271764787903,"[1.482,1.521]",0.019462768462585007,0.006613696664776216,0.9925421171271618,"[0.9407,1.044]",0.05187997750151265,0.026668265073622847,5,0.00506380080576075,"[0.004932,0.005196]",0.00013169957539898048,0.013269412343669882,0.003347505394332392,"[0.003148,0.003547]",0.0001990783925186228,0.030342179164172926,0.27568,0.31123,0.58691,0.5302857337581571,0.00703721367753062,0.010036891492269733,0.0006733728265482087,0.000792019013142379,0.00045149880675426245,0.2,0.614264,1.0,0.242444,0.5075192413723761,"[0.4764,0.5387]",0.031146970048931508,0.03131174141591827,102.59631538391113,1.0164189366688114,"[0.9888,1.044]",0.027617456367954964,0.013862924484093483,102.60494375228882,2.002720003128012,"[1.878,2.127]",0.1243998030854725,0.03169154309607675,102.63025641441345,0.02554994373777629,"[0.02428,0.02682]",0.0012714368882816697,0.025389186629813126,102.67343425750732,0.05034280802573519,"[0.04644,0.05425]",0.0039042217262363794,0.039567714603968865,102.68632388114929,0.57398,0.00387,0.5778500000000001,0.00669723976810591,0.04339822498436243,0.16543425355347666,0.0721167553206292,0.039390105180096134,0.042080168702711765,0.003995065711981779,"[0.003729,0.004261]",0.0002660071181953646,0.03397138551177693,104.20148134231567,0.00787175221412054,"[0.007159,0.008585]",0.000713068681985449,0.04621722611908187,104.21449661254883,0.48581,0.00617,0.49198000000000003,0.012541160209764625,0.007970807363156009,0.01989753434148436,0.0037027250749428076,0.004176154930373657,0.00184193531160461
2022-02-27 02:26:45.168556,0.6,0.899887,2.0,1.075891,100000,20.545917510986328,2365805,1.5054557553868613,"[1.453,1.558]",0.05291528104368762,0.01793316892417787,1.499201111871262,"[1.479,1.519]",0.019716306181148353,0.006709800178699975,0.9958453488299349,"[0.9607,1.031]",0.03510982641512956,0.017987910234716735,5,0.004988292593677054,"[0.004848,0.005128]",0.00014002081943997793,0.014321371942451559,0.0033134767168200158,"[0.003162,0.003464]",0.00015101828167157717,0.023253564245332717,0.27435,0.31157,0.58592,0.53176201529219,0.006917759346634247,0.0099188154088261,0.0005353393621207411,0.0011059673902580078,0.0005103558381050319,0.2,0.614264,1.0,0.242444,0.49233475335277216,"[0.4689,0.5157]",0.02341226736675061,0.024262017437213422,128.85869884490967,1.0002587156413585,"[0.9695,1.031]",0.03075176996175582,0.015685620436564882,128.86718583106995,2.0316638401608915,"[1.928,2.135]",0.1037964667086501,0.026066015414049636,128.89243459701538,0.025601071841295626,"[0.02393,0.02727]",0.001671805255127128,0.03331742788537922,128.93792915344238,0.05199931889218414,"[0.04781,0.05619]",0.004189216318762481,0.041103524242429926,128.9520320892334,0.57344,0.00382,0.57726,0.006617468731594083,0.04327720912613036,0.20528508900718076,0.12522380472164235,0.09593791800944211,0.07275439429067787,0.0038740134428329126,"[0.003637,0.004111]",0.00023683485701436093,0.031190937384370954,130.46911811828613,0.00786865728338513,"[0.007257,0.00848]",0.000611336476160755,0.0396390837921914,130.48247718811035,0.48415,0.00641,0.49056000000000005,0.013066699282452706,0.0077958166832654925,0.015548954076431427,0.0029585960867660687,0.001828092299624342,0.0014600882313882963
2022-02-27 02:26:45.168556,0.6,0.899887,2.0,1.075891,100000,20.354685306549072,2381681,1.5050446658128882,"[1.376,1.634]",0.12930007533626278,0.04383220491090218,1.5029797580190563,"[1.48,1.526]",0.022777992583124934,0.007732256356283737,0.9986280089616366,"[0.9144,1.083]",0.08422900707740615,0.04303302412621308,5,0.005027153147997752,"[0.004887,0.005168]",0.00014057383741996124,0.014266791464468286,0.0033402019635626837,"[0.003037,0.003643]",0.0003028461498301897,0.04625868238975937,0.27646,0.31205,0.58851,0.5302373791439398,0.007028180790087828,0.009883487539721427,0.0008832204577612623,0.0008054938930879907,0.0005143951417891947,0.2,0.614264,1.0,0.242444,0.49192716887877025,"[0.4505,0.5334]",0.04144883248935037,0.04298880983373008,154.9769172668457,1.0150273911056895,"[0.987,1.043]",0.028027010318724944,0.014087792295927331,154.9853641986847,2.06336924512464,"[1.897,2.23]",0.1668186621930237,0.041248827636877074,155.01056385040283,0.025767384157309756,"[0.02473,0.02681]",0.0010418040256512209,0.020628118977990845,155.05397176742554,0.052380485948845465,"[0.04748,0.05728]",0.004898101872279732,0.047709209302300125,155.06703853607178,0.5752,0.00379,0.57899,0.006545881621444239,0.043475062852510966,0.200667019668985,0.04762810295106833,0.07419083275087617,0.028252697518302013,0.0038777705924170278,"[0.003678,0.004078]",0.00019984492099348015,0.026293895410887516,156.58238887786865,0.00788281444437288,"[0.007102,0.008663]",0.0007805820950781896,0.05052207860132415,156.59528946876526,0.48591,0.00588,0.49179,0.01195632282071616,0.007738327705864457,0.020006764772181888,0.0020271201236058624,0.006497816644431663,0.001039618712174363
2022-02-27 02:26:45.168556,0.6,0.899887,2.0,1.075891,100000,20.686601400375366,2387166,1.4655121591031697,"[1.422,1.509]",0.043770265774870594,0.015238200593402841,1.510012141327633,"[1.479,1.541]",0.03122590880771702,0.01055063445541495,1.0303647990554343,"[0.9945,1.066]",0.0358823084625653,0.017767785014380873,5,0.004994805633703077,"[0.004815,0.005175]",0.000179751353179892,0.0183610496177368,0.003408232134191014,"[0.003247,0.003569]",0.00016124135534760525,0.024137439701083056,0.27732,0.31263,0.58995,0.5299262649377066,0.006797697689988706,0.009946800084174293,0.00035151090998263913,0.002318367834089248,0.0008410701002187182,0.2,0.614264,1.0,0.242444,0.5029851573660309,"[0.479,0.5269]",0.02396069780943718,0.024304585616718683,181.4271252155304,1.0010101216287797,"[0.9764,1.026]",0.024634089966223904,0.01255573043319772,181.43556356430054,1.9901384901112051,"[1.897,2.083]",0.09279727633996025,0.02379007761936978,181.46059203147888,0.024751282611324164,"[0.02394,0.02556]",0.0008092101662257798,0.016680441825594056,181.50366973876953,0.04920877335812165,"[0.04637,0.05204]",0.0028346494836891697,0.029390079001784572,181.51688361167908,0.57713,0.00405,0.58118,0.006968581162462576,0.04144471106664512,0.20550531195833635,0.027485162329140864,0.15636734877319663,0.01704553032911168,0.003936783958471888,"[0.003726,0.004147]",0.00021052784560391294,0.027284241974542784,183.04094457626343,0.007826839223422696,"[0.007263,0.008391]",0.0005639347567180442,0.03676092052472773,183.05403399467468,0.49042,0.00627,0.49669,0.012623568020294348,0.007838978129068162,0.01473561473911961,0.0022968251102270343,0.001806870978348744,0.0011537373431545453
2022-02-27 02:26:45.168556,0.6,0.899887,2.0,1.075891,100000,20.765661239624023,2373318,1.487101181505721,"[1.436,1.539]",0.05147485571208874,0.01766031915808718,1.4867194257742469,"[1.468,1.505]",0.01833986336813395,0.006293772035792284,0.9997432886637293,"[0.9653,1.034]",0.03447487840570664,0.017593740188934844,5,0.005006414679942125,"[0.004849,0.005164]",0.00015765613593213333,0.016066748199918723,0.0033665595469926438,"[0.00321,0.003523]",0.00015687832985612811,0.023775003262250377,0.27227,0.31478,0.5870500000000001,0.5362064560088579,0.007120602508804321,0.009745499189497343,0.0013180869841353535,0.0008561393217848736,0.0006470079445296571,0.2,0.614264,1.0,0.242444,0.5000091152168852,"[0.4692,0.5308]",0.030767169495061218,0.031394498578000696,207.96516394615173,0.995897515468778,"[0.9691,1.023]",0.026799160521383602,0.013729365592304494,207.97378945350647,1.9917587203121188,"[1.872,2.112]",0.11981837751932027,0.030692384896590114,207.99881386756897,0.02488427266912494,"[0.02349,0.02628]",0.0013950973583548648,0.028603784244444794,208.04190516471863,0.04976763805262045,"[0.04571,0.05383]",0.00405943382268328,0.041616194508985745,208.0549099445343,0.57497,0.00379,0.5787599999999999,0.0065484829635773035,0.041777987787829235,0.22775277856378817,0.0844461935988652,0.40336475196994165,0.05066369844046029,0.0037447870644839822,"[0.003545,0.003945]",0.00019973732765198412,0.027212975816151848,209.56706166267395,0.007489437593271943,"[0.006885,0.008093]",0.0006039408629169716,0.04114235408033757,209.58006310462952,0.48567,0.00584,0.49151,0.011881752151533032,0.007483759341318779,0.018861244038645687,0.002043222969844639,0.005293254125657093,0.001038499585005104
2022-02-27 02:26:45.168556,0.6,0.899887,2.0,1.075891,100000,20.31629729270935,2371918,1.4607477900476435,"[1.374,1.548]",0.08722962639241773,0.03046721119684279,1.478039021454535,"[1.46,1.496]",0.01797188361499689,0.006203711973703441,1.0118372463232188,"[0.9514,1.072]",0.060442174376432074,0.030477079373847676,5,0.005062165741044369,"[0.004858,0.005266]",0.00020402335596250975,0.02056304638871598,0.0034654618514803723,"[0.003215,0.003716]",0.0002507782729977947,0.036920936934742445,0.27589,0.31126,0.5871500000000001,0.5301200715319765,0.00690054476118979,0.010147061771122916,0.0005182151440324323,0.002958993837213196,0.0010835466935184555,0.2,0.614264,1.0,0.242444,0.4781755671598922,"[0.4519,0.5044]",0.026226206086772296,0.027982854646222684,234.03539419174194,0.986952415325005,"[0.9602,1.014]",0.0267894723545283,0.013848791418747917,234.04382419586182,2.0639959109307404,"[1.947,2.181]",0.11672712320276553,0.028854056531746178,234.0689835548401,0.02473487432574173,"[0.02394,0.02553]",0.000798453116591829,0.01646962235233624,234.11281490325928,0.051727599702874175,"[0.04848,0.05498]",0.003251855940901843,0.03207398339492883,234.12574124336243,0.57423,0.004,0.57823,0.006917662521833873,0.041705603407579686,0.19656642025181129,0.02722278854895302,0.10542207657264223,0.0165953607714287,0.0037221843989269417,"[0.003581,0.003864]",0.0001416042525147069,0.019409857187723492,235.67678380012512,0.007784137573223851,"[0.007265,0.008303]",0.0005190038446115081,0.03401762589791472,235.6899812221527,0.48643,0.00589,0.49232,0.011963763405914853,0.0074450070904580464,0.017098404060345282,0.0010131071907823182,0.002432754620800253,0.0005219638778178071
2022-02-27 02:26:45.168556,0.6,0.899887,2.0,1.075891,100000,21.105772018432617,2385458,1.4889294479059638,"[1.436,1.542]",0.05312424916455237,0.018203823421952026,1.5018437891617606,"[1.479,1.525]",0.022962375791765036,0.0078007432846795835,1.0086735750132148,"[0.9715,1.046]",0.03712387449094706,0.018777880932442766,5,0.005165380889712372,"[0.004906,0.005425]",0.00025972974653260087,0.025654483112033645,0.0034691911675042656,"[0.003254,0.003684]",0.0002151323589746221,0.031638904384469424,0.275,0.3138,0.5888,0.5329483695652174,0.007273562478963764,0.010086523926059073,0.0013727767815986042,0.0043298935122391205,0.0017560272082957386,0.2,0.614264,1.0,0.242444,0.49225087965773107,"[0.463,0.5215]",0.02920160441836749,0.030266635124821997,261.05785632133484,1.004840317027393,"[0.9784,1.031]",0.026400500888041772,0.013404760022042586,261.0664746761322,2.041317463416363,"[1.922,2.16]",0.11888992491363704,0.029715184454660672,261.0916328430176,0.02486674584904973,"[0.02372,0.02602]",0.0011492461858296284,0.02357968744162968,261.13449025154114,0.05051640713438628,"[0.04672,0.05431]",0.003792099050905982,0.03829932735676624,261.1472454071045,0.57552,0.00416,0.5796800000000001,0.0071763731714049135,0.04195865318882021,0.17276484755286647,0.05833413922767841,0.06950692341689925,0.034380643368490976,0.00391735266405153,"[0.003717,0.004118]",0.0002006610792337082,0.02613451236835194,262.6795892715454,0.00795804096231442,"[0.007332,0.008584]",0.0006259962802781175,0.040133728740178225,262.693345785141,0.48739,0.00659,0.49398,0.013340621077776428,0.00784997916893628,0.01386211182149875,0.002106747631131167,0.0008141336350324779,0.0010481275697427248
2022-02-27 02:26:45.168556,0.6,0.899887,2.0,1.075891,100000,20.442431449890137,2391731,1.5290838985219615,"[1.446,1.612]",0.08308431338613693,0.02772245254183135,1.5001097503354042,"[1.481,1.52]",0.019563973843488333,0.006653926024859485,0.9810513025383603,"[0.9288,1.033]",0.052249993212666004,0.027173053777519704,5,0.004978670274013349,"[0.00485,0.005107]",0.00012823306196639372,0.013141065387880633,0.0032559824080456382,"[0.003059,0.003453]",0.00019740890687544897,0.030933468740376138,0.27751,0.31125,0.58876,0.5286534411305116,0.007038053581700361,0.009720610520660825,0.0005128639917175953,0.0008589539469998525,0.00042804347618900914,0.2,0.614264,1.0,0.242444,0.5199765257307242,"[0.4752,0.5648]",0.04479820661502399,0.04395626866556765,287.29638600349426,0.9999310680244599,"[0.9771,1.023]",0.022873490390660393,0.011670952660323513,287.30484533309937,1.9230311726462161,"[1.765,2.081]",0.15783191223498863,0.04187476884390188,287.3299903869629,0.025125232195440276,"[0.02424,0.02601]",0.0008806017654328061,0.017881889071587338,287.37346720695496,0.04831993552041937,"[0.04388,0.05276]",0.0044429845710846905,0.04691291158367501,287.38644886016846,0.57554,0.00397,0.5795100000000001,0.00685061517488913,0.04210175933310676,0.22518529694307537,0.03045968882409962,0.5201168009537989,0.020185846243319837,0.0038108063718890425,"[0.003658,0.003963]",0.00015262103519492198,0.02043343783453641,288.9147620201111,0.007328804635043299,"[0.006636,0.008021]",0.0006923200088069692,0.04819674037977452,288.92773485183716,0.48634,0.00606,0.4924,0.01230706742485784,0.00762038903512366,0.017278278638119038,0.001179609554338942,0.0028251587718982297,0.0006063405972503545
2022-02-27 02:26:45.168556,0.6,0.899887,2.0,1.075891,100000,21.22105312347412,2380861,1.472930372269131,"[1.42,1.526]",0.05282737346482882,0.0182987207481953,1.4914564207476197,"[1.472,1.511]",0.01923402253200236,0.006579660434947831,1.0125776810820653,"[0.9759,1.049]",0.036646700872528484,0.01846504886771211,5,0.004974543458004653,"[0.004843,0.005107]",0.00013195725782732152,0.013533931729195644,0.003377310666994457,"[0.003224,0.00353]",0.00015297638556745931,0.023109859887241554,0.27678,0.31114,0.58792,0.5292216628112668,0.006972088977857961,0.00978597631520578,0.0007115045793721281,0.0007643905338737655,0.00045326733374912034,0.2,0.614264,1.0,0.242444,0.49065395033972903,"[0.4595,0.5218]",0.031184511124602517,0.03242705953651176,314.3234248161316,0.9865990963755072,"[0.9615,1.012]",0.02512636918024336,0.012993703480435615,314.3320767879486,2.010783966362414,"[1.887,2.135]",0.12408915622692517,0.031485627025294435,314.35701727867126,0.025117368222519657,"[0.02374,0.0265]",0.0013805532947422762,0.028042903207406895,314.4009165763855,0.05119161520075071,"[0.04693,0.05545]",0.004262536500320154,0.04248280723401779,314.4138731956482,0.5745,0.00384,0.57834,0.006639692914202718,0.04245515761299134,0.18929171194170244,0.0846356517954667,0.11652599803261171,0.04961285400936471,0.0038024163375647915,"[0.00364,0.003965]",0.00016232718166433273,0.021780884388401485,315.9590768814087,0.007749690662700252,"[0.007153,0.008346]",0.0005962978827159186,0.039257517089664774,315.97204518318176,0.48561,0.00599,0.4916,0.012184703010577705,0.007663254609108788,0.013533099638643131,0.0013584875960265226,0.0018470083813262913,0.0006859150850449106
2022-02-27 02:26:45.168556,0.6,0.899887,2.0,1.075891,100000,20.697126865386963,2386262,1.4968390158444829,"[1.448,1.546]",0.04867903684576986,0.016592461197068704,1.5235019649643973,"[1.499,1.548]",0.024903178796543416,0.008339801168501356,1.0178128368098902,"[0.9827,1.053]",0.03507722048644308,0.017583332040303733,5,0.005112445236494635,"[0.004953,0.005272]",0.00015906691806314224,0.015874319839988594,0.003415494373394796,"[0.00326,0.003571]",0.00015535516864793642,0.023206842840769737,0.27439,0.31411,0.5885,0.5337468139337298,0.0070792953960741355,0.010091870277182682,0.0005177141272342927,0.001582179799303833,0.0006586392238157646,0.2,0.614264,1.0,0.242444,0.5127169119058523,"[0.4852,0.5402]",0.027477386905640513,0.027342719981180683,340.8584053516388,1.0306370747481455,"[0.9965,1.065]",0.034135907019128095,0.016898556745251828,340.8669762611389,2.0101483895218113,"[1.897,2.123]",0.11299486105820906,0.02867969330817766,340.8919999599457,0.025369743673518505,"[0.02416,0.02658]",0.0012137032887719736,0.02440845992735859,340.9373996257782,0.049480996402508026,"[0.04593,0.05303]",0.003550936214499948,0.0366140999974537,340.95041251182556,0.57596,0.00377,0.5797300000000001,0.006503027271315957,0.04250257950064128,0.23606312581675393,0.06341484123125637,0.3220265401186264,0.03834536841878136,0.00391136497667647,"[0.003705,0.004118]",0.00020679225708062387,0.026974279884822466,342.4942584037781,0.00762870286867911,"[0.007052,0.008205]",0.0005765201445281468,0.03855739775753484,342.5073103904724,0.48871,0.00601,0.49472,0.012148285899094438,0.0078000145578546115,0.01654240634065608,0.0022176793753192823,0.002208947164665883,0.0011131569551358507
2022-02-27 02:26:45.168556,0.6,0.899887,2.0,1.075891,100000,20.688644886016846,2380889,1.4654792432820096,"[1.406,1.525]",0.0599546934217148,0.02087312354440959,1.5047844520987812,"[1.481,1.528]",0.023420076710843712,0.007940684603270949,1.026820720250357,"[0.9836,1.07]",0.04317628070963219,0.02145332112347766,5,0.00504967437077314,"[0.004898,0.005201]",0.00015170350347852072,0.015327670853529554,0.003445749500664477,"[0.00327,0.003622]",0.00017610608787984631,0.026075617168145753,0.27616,0.3118,0.58796,0.5303081842302197,0.007085760662196128,0.00991940572899634,0.0005569034580736942,0.0013670043262885402,0.0005990720785000403,0.2,0.614264,1.0,0.242444,0.47700536971040786,"[0.4523,0.5018]",0.024755206183595453,0.026478123808535214,367.38626861572266,1.0090980260996738,"[0.9799,1.038]",0.02922678809616327,0.0147771833796078,367.394672870636,2.1154856741178865,"[2,2.231]",0.11550942682273611,0.027858085617423155,367.41976523399353,0.025496639661872964,"[0.02444,0.02655]",0.001051844973832129,0.021048091278335974,367.4630665779114,0.053451473045999655,"[0.04994,0.05696]",0.0035117625421354653,0.03352041544636662,367.4758679866791,0.57574,0.00385,0.57959,0.0066426266843803376,0.04315814564168755,0.16851140003318577,0.04887687084927017,0.03322576989196776,0.028799923182421704,0.0039372101599605205,"[0.003703,0.004171]",0.00023382029895190664,0.030299645192174894,369.0057644844055,0.008254016432458232,"[0.007602,0.008906]",0.0006521484597594271,0.04031113927654414,369.01886081695557,0.48594,0.00565,0.49158999999999997,0.011493317602066762,0.007903402352256644,0.01710280016016401,0.0028700619902636924,0.002119053444948323,0.00142315525307057
2022-02-27 02:26:45.168556,0.6,0.899887,2.0,1.075891,100000,20.393315076828003,2378960,1.4575916626503045,"[1.406,1.509]",0.05109197510590477,0.01788383873595222,1.4839376320798203,"[1.465,1.503]",0.01920184794379746,0.006601935946650393,1.0180750000872065,"[0.9816,1.055]",0.03643405395136656,0.018258775664680135,5,0.005182296273543833,"[0.005024,0.00534]",0.00015799732163375815,0.015555050141787048,0.0035553827634558404,"[0.003388,0.003722]",0.00016711151428537634,0.023980815104514528,0.27754,0.31196,0.5895,0.5291942324003392,0.007266178098170526,0.010147586883502964,0.0007353445294724806,0.0013649283603417513,0.0006498113713932013,0.2,0.614264,1.0,0.242444,0.4897608893527911,"[0.4667,0.5129]",0.02310973777473238,0.02407436525548193,393.5983920097351,0.9981058366611104,"[0.9588,1.037]",0.03926690831571987,0.020072156839393063,393.6070086956024,2.037945165405279,"[1.922,2.154]",0.11616525830524521,0.02908222946197924,393.632066488266,0.026100775409500895,"[0.02313,0.02907]",0.0029713239658109244,0.058081861225388186,393.67593121528625,0.05329289450611814,"[0.04676,0.05983]",0.006537616152986266,0.06258842714985637,393.6892011165619,0.57737,0.00348,0.5808500000000001,0.005991219764138763,0.04393676597664992,0.21063357401221908,0.3924642800452686,0.7572418519929224,0.22982002576536759,0.0038534131079573718,"[0.003653,0.004054]",0.00020085842623509558,0.02659429083371214,395.2092533111572,0.007867947791930828,"[0.007314,0.008422]",0.0005540086661284489,0.03592518534610548,395.222286939621,0.48889,0.00597,0.49485999999999997,0.012064018106131027,0.007697447939943744,0.015110181674752983,0.002098233868487427,0.0014913435320082107,0.0010501902173479624
2022-02-27 02:26:45.168556,0.6,0.899887,2.0,1.075891,100000,20.781821966171265,2378018,1.4822557138540182,"[1.419,1.546]",0.06367104459821045,0.021916074623424257,1.5109144105202268,"[1.488,1.534]",0.02286817949402512,0.007722104201350829,1.0193345158992122,"[0.9795,1.059]",0.039844640670018514,0.019943304169482177,5,0.004999566575717903,"[0.004861,0.005138]",0.00013809955767142172,0.014093013249954756,0.0033729447145921347,"[0.003199,0.003547]",0.00017402662797713522,0.026323910831559022,0.2752,0.31239,0.5875900000000001,0.531646215898841,0.006891545138099915,0.009933139196878282,0.00039686791437566255,0.0011790750228345857,0.0004964464761829013,0.2,0.614264,1.0,0.242444,0.502327606394469,"[0.4631,0.5416]",0.03923217397015984,0.03984733276868589,420.1643362045288,1.0043117277359148,"[0.9764,1.032]",0.027938588701089503,0.014193184841609254,420.17302942276,1.9993162130676259,"[1.866,2.133]",0.1334509958865825,0.034055264672119064,420.1980185508728,0.024548291928406362,"[0.02368,0.02542]",0.0008709902162482051,0.018102390369478957,420.24168372154236,0.04886908785405081,"[0.04471,0.05303]",0.0041618099291690835,0.043450215792504514,420.2548837661743,0.5748,0.00358,0.57838,0.006189702271862789,0.04126631151712457,0.23140113641429003,0.03261931583186614,0.12014294145258707,0.01974760403998582,0.0037718251077460273,"[0.003619,0.003924]",0.00015242929719886913,0.020618678589191985,421.79462146759033,0.007508695639522705,"[0.006846,0.008172]",0.0006631513102985992,0.04506009052670755,421.8076546192169,0.48651,0.00587,0.49238,0.011921686502294975,0.007564774443593324,0.015585467324265507,0.0011891373085839891,0.0019166509603702924,0.0006048180613427004
2022-02-27 02:26:45.168556,0.6,0.899887,2.0,1.075891,100000,20.18759846687317,2386761,1.4581519451118088,"[1.408,1.508]",0.05026226319189694,0.017586652693203475,1.4908593520565683,"[1.472,1.51]",0.019190907328327785,0.006567540550113083,1.0224307261355068,"[0.9866,1.058]",0.03581196415444653,0.017870560631468444,5,0.005122360644714151,"[0.004958,0.005287]",0.0001641720004648882,0.016352074860917564,0.0035129128084943006,"[0.003345,0.00368]",0.00016748419344636204,0.024324861948939944,0.27561,0.31297,0.5885800000000001,0.5317374018824969,0.007211775742374968,0.010016049884519873,0.0012285212503646335,0.001097575404268288,0.0007015942767764278,0.2,0.614264,1.0,0.242444,0.48792408026059403,"[0.4594,0.5164]",0.02850039719784858,0.02980180640137294,446.1333808898926,0.9841733340945027,"[0.9605,1.008]",0.02362621451162541,0.012248036661601352,446.1419315338135,2.0170624363709786,"[1.902,2.132]",0.11512258422460453,0.02911958068346545,446.16704845428467,0.02452964549603645,"[0.02367,0.02539]",0.0008605171852520965,0.017898317376890033,446.21034002304077,0.05027348820934494,"[0.04691,0.05364]",0.0033645158040643192,0.03414502866407627,446.2233943939209,0.57557,0.00389,0.57946,0.006713146722810893,0.04137074589564396,0.18454634469939507,0.032125954543827114,0.06913424293412841,0.019275557739332348,0.003707794144545843,"[0.003571,0.003844]",0.00013667296276449048,0.018806627534553113,447.76616764068604,0.007599121040645417,"[0.007071,0.008127]",0.0005280887384874389,0.03545581500800075,447.7792639732361,0.48707,0.00574,0.49281,0.011647490919421279,0.007405826603561025,0.017532784102678438,0.000938650050680523,0.002495417594269063,0.00048624267885318114
2022-02-27 02:26:45.168556,0.6,0.899887,2.0,1.075891,100000,20.548775672912598,2371722,1.5587330911657382,"[1.422,1.696]",0.13713392225605803,0.04488663727091959,1.487166488777306,"[1.467,1.507]",0.02029156192002246,0.006961451722065698,0.9540866856589865,"[0.8703,1.038]",0.08382204985623992,0.04482438819270461,5,0.005277803382294019,"[0.00498,0.005576]",0.00029822640167388097,0.02882948006268808,0.0033859571033722515,"[0.003031,0.003741]",0.00035468365485465234,0.05344457796438184,0.27502,0.31083,0.58585,0.5305624306563114,0.007282059643677839,0.010536599874818196,0.0007268987807530162,0.006736821113265224,0.0023151547963179663,0.2,0.614264,1.0,0.242444,0.5518413301753844,"[0.4283,0.6754]",0.12358373084552327,0.11425915467538088,472.5015435218811,1.0029030846834563,"[0.9711,1.035]",0.03175903296108523,0.016156684023527504,472.50999546051025,1.8173758104792859,"[1.444,2.191]",0.373142469215601,0.10475478419297259,472.5349636077881,0.02429927942710454,"[0.02338,0.02522]",0.0009165469588822394,0.01924443894859295,472.5780689716339,0.044033090851281154,"[0.03437,0.05369]",0.009661246059225363,0.11194324717568056,472.5909960269928,0.57322,0.00365,0.57687,0.0063272487735538336,0.04130069622660756,0.17120392769549544,0.03702794174010033,0.0405350134113116,0.021867407534263892,0.003697730524095213,"[0.003556,0.00384]",0.00014179169513365008,0.019564081570412,474.1073033809662,0.006700713270098875,"[0.005177,0.008224]",0.0015232556844115349,0.11598336419272536,474.1226451396942,0.48484,0.00596,0.4908,0.012143439282803587,0.007407571147949795,0.01782612898040831,0.0010223407323059857,0.002156051923437679,0.0005233466474613175
2022-02-27 02:26:45.168556,0.6,0.899887,2.0,1.075891,100000,20.47285270690918,2388296,1.4747143293467773,"[1.41,1.539]",0.06460055583609979,0.022349730118860087,1.4889725774160505,"[1.471,1.507]",0.018141636646255663,0.006216324736133707,1.009668481403845,"[0.9651,1.054]",0.04452945980026224,0.02250155626468823,5,0.005004807076609434,"[0.004876,0.005134]",0.00012891593128141286,0.013142051895397026,0.0033937468274457647,"[0.003219,0.003568]",0.000174348596492789,0.02621096094681122,0.27492,0.31512,0.59004,0.5340654870856213,0.006847131748349781,0.009908585987411499,0.0004960337759551383,0.0008805068415435323,0.00043261446632012623,0.2,0.614264,1.0,0.242444,0.4936158534173042,"[0.4596,0.5277]",0.03404479999149879,0.035188893942078324,498.8055284023285,0.9885246368518863,"[0.9629,1.014]",0.025644710645557466,0.013235923067451267,498.8144054412842,2.002619304076899,"[1.868,2.137]",0.1347739400934023,0.03433613877254831,498.8402011394501,0.02494622285179145,"[0.02407,0.02582]",0.0008784881809654502,0.01796697873892482,498.8840687274933,0.05053772620771531,"[0.04671,0.05436]",0.0038272696577706868,0.038638236173856706,498.8972291946411,0.57747,0.00378,0.58125,0.006503225806451613,0.04211943702576919,0.16495014616944817,0.033469386053612445,0.06785832802022658,0.020089064038317,0.003828102352937959,"[0.00367,0.003986]",0.00015786456501914247,0.02103996654010969,500.41385197639465,0.007755225701192524,"[0.007132,0.008379]",0.0006235053179652843,0.041019432625492326,500.42699813842773,0.48935,0.00645,0.4958,0.01300927793465107,0.007595078399485654,0.017279184209248993,0.0012624919609176815,0.002390653596627004,0.0006487198273813793
2022-02-27 02:26:45.168556,0.6,0.899887,2.0,1.075891,100000,20.92084836959839,2363879,1.526835736392629,"[1.396,1.658]",0.13085777115282526,0.04372714586394417,1.4894606469325122,"[1.471,1.508]",0.018792887116359062,0.006437368944372343,0.9755212112414785,"[0.8931,1.058]",0.08237794849536313,0.0430842149555832,5,0.004920270237152766,"[0.0048,0.00504]",0.00012015970868666191,0.012459879410038595,0.0032225275580578293,"[0.002934,0.003511]",0.00028829862567257943,0.04564464784154836,0.27507,0.3105,0.5855699999999999,0.5302525744146729,0.006884255844102741,0.009747561939180116,0.0003751439168303951,0.0008190722439684875,0.0003758422425984865,0.2,0.614264,1.0,0.242444,0.49423213098460916,"[0.4505,0.538]",0.04372433054707023,0.04513735654403503,525.48628282547,0.98413661945684,"[0.9628,1.005]",0.021294577256624765,0.011039707311133436,525.4949622154236,1.9912437046459184,"[1.821,2.161]",0.17012718335787144,0.04359063792309009,525.5200510025024,0.02439355839922898,"[0.0236,0.02518]",0.0007908964499293148,0.016542014506397962,525.5631580352783,0.049356480224448655,"[0.04474,0.05397]",0.004615891631779762,0.0477150465389441,525.5762026309967,0.57323,0.00366,0.57689,0.006344363743521295,0.041228153355654766,0.2077442762751361,0.026216366733712398,0.1960253232746439,0.01628272580463331,0.0037712149445240555,"[0.003624,0.003918]",0.00014679812035907705,0.0198601780288222,527.1071548461914,0.007630452793530525,"[0.00689,0.00837]",0.0007400118179193921,0.0494802943121521,527.1203813552856,0.48533,0.00605,0.49138,0.012312263421384672,0.007585784019333278,0.014810972962154719,0.0011080741720592125,0.0013456930156284278,0.0005609560636442647
2022-02-27 02:26:45.168556,0.6,0.899887,2.0,1.075891,100000,20.347057342529297,2383095,1.4701084072885846,"[1.41,1.53]",0.059661344439946834,0.020705589668107482,1.4895320583973255,"[1.469,1.51]",0.020291306504334767,0.006950308549458065,1.0132123937339867,"[0.9719,1.055]",0.0413103852249454,0.020801884467589692,5,0.0050311332936081275,"[0.004902,0.00516]",0.00012920386837628398,0.013102483508448793,0.0034222872739619044,"[0.003256,0.003589]",0.00016639045290900241,0.024805950355126085,0.27517,0.31245,0.58762,0.531721180354651,0.007104479080421764,0.009845395375415173,0.00037651599129149237,0.0009988169686423,0.00043454913586516363,0.2,0.614264,1.0,0.242444,0.4890028596286873,"[0.4654,0.5126]",0.02358518206321536,0.02460774189304104,551.6581749916077,0.9896833121049634,"[0.9684,1.011]",0.02131530618270888,0.010988521360976937,551.6667170524597,2.0238804183199584,"[1.928,2.12]",0.09610187792998215,0.024226515523650072,551.6916742324829,0.02522054774089376,"[0.02424,0.0262]",0.0009789807554100648,0.01980448570671418,551.7348611354828,0.051575460642590894,"[0.04838,0.05477]",0.0031934464631356635,0.03159078755026563,551.7477805614471,0.57495,0.00374,0.5786899999999999,0.0064628730408336065,0.04211542841359616,0.26905940494562625,0.029596179641774422,1.9457843474745955,0.024948024767369358,0.00380719498599294,"[0.003643,0.003972]",0.00016450359030598964,0.02204520743648019,553.2583606243134,0.007785629288310999,"[0.007279,0.008292]",0.000506795922924661,0.03321110456917774,553.2712864875793,0.48633,0.00604,0.49237,0.012267197432824908,0.007656643621016004,0.013831042017256033,0.0014088422087644096,0.0006784138039104057,0.0007044312584225555
2022-02-27 02:26:45.168556,0.6,0.899887,2.0,1.075891,100000,20.877708196640015,2386491,1.5188000340425079,"[1.421,1.616]",0.09742361861739421,0.03272710478792779,1.5190880829761488,"[1.496,1.542]",0.022842184178590807,0.007671823465621132,1.000189655601254,"[0.9364,1.064]",0.06377511933816188,0.032532156287278985,5,0.005019130339632888,"[0.004884,0.005154]",0.0001347068435917579,0.013693205151829792,0.0033046683086210764,"[0.003074,0.003535]",0.00023080377768007544,0.03563353971755969,0.27613,0.31174,0.58787,0.5302873084185279,0.007133433925085726,0.009781790049076047,0.0006332338926219805,0.0008943698962587665,0.0004723535430668036,0.2,0.614264,1.0,0.242444,0.49378968592777506,"[0.4553,0.5323]",0.03847466820262054,0.03975363057565009,578.3118195533752,1.020754674242229,"[0.9851,1.056]",0.03569040543389869,0.017839144886617656,578.3204078674316,2.06718508574019,"[1.905,2.229]",0.16213824331582383,0.040017506946583355,578.3454751968384,0.026685269546037158,"[0.02405,0.02932]",0.0026323695267696187,0.05032910290099435,578.389805316925,0.05404177184442107,"[0.04726,0.06083]",0.006783705384088196,0.06404442447814564,578.4028594493866,0.57515,0.00396,0.57911,0.00683807912141044,0.04525140184156461,0.1663953981972912,0.31232533478342833,0.04242060174156738,0.18037716903022974,0.003930444674829392,"[0.003751,0.00411]",0.00017974710429685212,0.023332654155190438,579.959639787674,0.007959754500429734,"[0.007238,0.008682]",0.0007219049345387385,0.04627263870167512,579.9726717472076,0.48788,0.00605,0.49393,0.012248699208389852,0.007848933335155612,0.016711913929532602,0.0016553677545322746,0.00282843073569369,0.0008410303390020678
2022-02-27 02:26:45.168556,0.6,0.899887,2.0,1.075891,100000,21.0604989528656,2388674,1.5053427656212877,"[1.422,1.589]",0.08380756998883321,0.028404802717718176,1.5052148159338345,"[1.484,1.526]",0.02096475712886664,0.007106164877170066,0.9999150029545595,"[0.9453,1.055]",0.05458536505707552,0.027852043390926038,5,0.005117133188417986,"[0.004925,0.005309]",0.00019163477753314474,0.019106957368526762,0.003399314299229408,"[0.00317,0.003628]",0.0002290734821795557,0.034381706224784335,0.27578,0.31198,0.5877600000000001,0.53079488226487,0.006985990342464242,0.010226734956642084,0.0004837592270055596,0.0025727255266027073,0.0009559529352399488,0.2,0.614264,1.0,0.242444,0.5074501439680883,"[0.4615,0.5534]",0.045954667639169666,0.046204064139650364,605.2184815406799,1.020424177614844,"[0.9914,1.049]",0.029008904452781193,0.014504224596182587,605.2270269393921,2.010885581065112,"[1.841,2.181]",0.1703705838735155,0.04322661025614629,605.252117395401,0.025077300156896284,"[0.02406,0.0261]",0.0010219700298682948,0.020792241480654734,605.2961931228638,0.04941825409842293,"[0.04486,0.05398]",0.004559719037082789,0.04707546444648661,605.3093144893646,0.57518,0.00383,0.57901,0.006614738950968032,0.042003988709566474,0.23954201851901882,0.04307365687412562,0.4716367730719538,0.027187180912874948,0.0038146118681408594,"[0.003652,0.003977]",0.00016221513954754122,0.021696264039597384,606.8523459434509,0.007517215067300772,"[0.006763,0.008271]",0.000754222137607583,0.051190129538660006,606.8655323982239,0.48749,0.00585,0.49334,0.011857947865569384,0.007648192731521504,0.014734084350673875,0.0013536147581788914,0.001685554881844481,0.0006849685417125229
2022-02-27 02:26:45.168556,0.6,0.899887,2.0,1.075891,100000,21.396226406097412,2376419,1.5220689738742021,"[1.454,1.59]",0.0677750212623399,0.022718479303056607,1.5088272568443806,"[1.486,1.531]",0.022460270020662938,0.007594853146463042,0.991300185959302,"[0.947,1.036]",0.044274611511991906,0.02278733306627839,5,0.005046231171379875,"[0.004896,0.005197]",0.00015039320134784963,0.01520565003297152,0.0033153761478597367,"[0.003137,0.003493]",0.0001781036100180327,0.0274084100060175,0.27485,0.31338,0.58823,0.5327507947571528,0.006979902286062831,0.009980869959970341,0.0006894488987315067,0.001212996581382609,0.0005887680917236266,0.2,0.614264,1.0,0.242444,0.5035407197597523,"[0.4674,0.5397]",0.03618731408946495,0.03666618135783893,632.4408161640167,1.0274054683882232,"[0.9879,1.067]",0.03949415302439349,0.019612585968888464,632.4492752552032,2.040362235011332,"[1.891,2.19]",0.14969140223456748,0.037431179177342205,632.4741966724396,0.028223434385343603,"[0.02238,0.03407]",0.005842640384248438,0.10561928540855835,632.5174357891083,0.05604995440847261,"[0.04395,0.06815]",0.012104142600575529,0.11017998185104319,632.5305609703064,0.57529,0.00385,0.57914,0.006647788099595953,0.047497608908691064,0.23338570292538244,1.5401208001207463,0.4863921459349176,0.8885997152137327,0.00399901068217124,"[0.003714,0.004284]",0.00028542371343888884,0.036415092422859924,634.0360457897186,0.00794178211462071,"[0.007147,0.008737]",0.0007947359214217136,0.05105623713636859,634.0490939617157,0.4867,0.00637,0.49307,0.012919058145902204,0.008027264037131086,0.014464878382973617,0.0042996179404335465,0.0017768751706632605,0.0021206449446388212
2022-02-27 02:26:45.168556,0.6,0.899887,2.0,1.075891,100000,20.56380534172058,2372966,1.5066238684729734,"[1.421,1.592]",0.08585687950356337,0.029074629226044743,1.5039452971640215,"[1.483,1.525]",0.020915664376162206,0.007095508962260361,0.9982221366825506,"[0.9406,1.056]",0.05763011938286038,0.02945548996922623,5,0.005007387856062192,"[0.004881,0.005133]",0.00012597191727954283,0.012835312185634584,0.003323581924357398,"[0.003115,0.003532]",0.00020854676318108286,0.03201407764511148,0.276,0.31125,0.58725,0.5300127713920817,0.006971096476733718,0.00990639430838132,0.0004580902225303763,0.0008602877531481305,0.0004130811105550806,0.2,0.614264,1.0,0.242444,0.5012324495036643,"[0.4539,0.5486]",0.04734253340244886,0.04818992425705479,658.7530808448792,1.0151531055904106,"[0.9897,1.041]",0.025415296207824147,0.01277343071673233,658.7615594863892,2.0253140166715986,"[1.833,2.217]",0.1920121626664272,0.04837046912681739,658.7869389057159,0.025349163372031486,"[0.02428,0.02642]",0.001068504306989327,0.02150584816812971,658.831803560257,0.050573667760602896,"[0.0454,0.05574]",0.005170463405388307,0.05216136480052546,658.8457403182983,0.57436,0.00387,0.57823,0.006692838489874272,0.04288043890125562,0.18613810974323208,0.05022367676128845,0.08407109755979023,0.029719425605340025,0.003707693988806867,"[0.003568,0.003848]",0.00013997925376174353,0.019262103838325856,660.4037153720856,0.007397154738242384,"[0.006674,0.00812]",0.000723069824489626,0.04987230750396194,660.4172286987305,0.48389,0.0062,0.49008999999999997,0.012650737619620886,0.007468360814189951,0.015133689423950181,0.0010024043849730649,0.0016672245814213643,0.0005100528811873853
2022-02-27 02:26:45.168556,0.6,0.899887,2.0,1.075891,100000,20.556012868881226,2371940,1.5365900865297102,"[1.471,1.602]",0.06561999169390642,0.021788236103060733,1.5041126852329398,"[1.484,1.524]",0.019923908728736867,0.006758309836276471,0.9788639783755742,"[0.9379,1.02]",0.04093978563066602,0.021338660111484248,5,0.005027440049883877,"[0.004887,0.005168]",0.00014037071855488358,0.014245364009873017,0.0032718160125827876,"[0.003103,0.003441]",0.00016882845407921506,0.026326959106404493,0.27322,0.31283,0.58605,0.533794044876717,0.007122804435773799,0.009849910244994913,0.0008137014121042304,0.0008683716724347542,0.000512909689390211,0.2,0.614264,1.0,0.242444,0.5181124673040345,"[0.4816,0.5546]",0.036498616366603294,0.03594150733542935,685.1554546356201,1.0156091953036435,"[0.9877,1.044]",0.027937182216094134,0.014034595651435474,685.1639714241028,1.9602099146316663,"[1.828,2.092]",0.13196259268893473,0.03434726705041335,685.1890642642975,0.025552476060243103,"[0.02435,0.02675]",0.0011984383844264002,0.02392911567074861,685.2324223518372,0.04931839643466562,"[0.04522,0.05342]",0.004098804975657756,0.04240257550074971,685.2454633712769,0.57348,0.00356,0.57704,0.0061694163316234575,0.04324327674339514,0.21160722287664446,0.06241358065762294,0.28513158750394374,0.037386884664373184,0.003937899947011648,"[0.003703,0.004172]",0.0002344139009343681,0.030371246262594093,686.7922403812408,0.007600473247637259,"[0.006897,0.008304]",0.000703512857070562,0.047225366034941485,686.8055689334869,0.48448,0.00627,0.49075,0.012776362710137545,0.00792272392400714,0.01586900483391849,0.0028849801932516513,0.002582567222803283,0.0014303903829463703
2022-02-27 02:26:45.168556,0.6,0.899887,2.0,1.075891,100000,20.56773567199707,2389994,1.46837880645423,"[1.412,1.525]",0.056237412525261904,0.019540296607885067,1.5075426014167663,"[1.488,1.527]",0.0195524057855592,0.006617204202491639,1.0266714520738058,"[0.9876,1.066]",0.03903200055513239,0.019396941404468813,5,0.005073041141293747,"[0.004923,0.005223]",0.0001500211839423757,0.015087876925682336,0.003454858595748791,"[0.003286,0.003624]",0.00016928230685042133,0.024999148737824696,0.27442,0.31577,0.59019,0.5350310916823395,0.007060774934778286,0.009929452714608383,0.0004076525976736764,0.0014406450995650868,0.0005858589033598536,0.2,0.614264,1.0,0.242444,0.4907340417498801,"[0.4586,0.5229]",0.032175122177697836,0.03345168108483834,711.5830609798431,1.0027680467561104,"[0.9801,1.025]",0.02262124556400362,0.011509592727555532,711.591784954071,2.043404291213216,"[1.919,2.168]",0.12466383622079519,0.03112648747256527,711.6167576313019,0.024622279737375723,"[0.02379,0.02545]",0.0008276457707660411,0.01714984375511945,711.6603806018829,0.05017438702555983,"[0.04648,0.05387]",0.003694371296334334,0.03756664358442676,711.6735088825226,0.5771,0.00403,0.5811299999999999,0.006934765026758213,0.041285900175296174,0.19756494943233258,0.029218090879877465,0.10783217132693976,0.017831047528813895,0.003927695092813608,"[0.003753,0.004102]",0.00017421420396693905,0.02263026936712726,713.1953520774841,0.0080037143516844,"[0.007368,0.00864]",0.000636139300160203,0.04055128071385636,713.2085056304932,0.48922,0.006,0.49522,0.012115827309074755,0.00780182919558171,0.018480702291853945,0.001513621167223475,0.005526074524031828,0.0007900507305246317
2022-02-27 02:26:45.168556,0.6,0.899887,2.0,1.075891,100000,21.003341913223267,2376273,1.5426062606110509,"[1.449,1.636]",0.09316162226329465,0.030812425143033204,1.495385014566961,"[1.467,1.524]",0.02829793058090846,0.009654851120945529,0.9693886591479378,"[0.9099,1.029]",0.05951709038505153,0.031324755199883876,5,0.005037511147099288,"[0.004896,0.005179]",0.000141793907896966,0.014361026397198889,0.0032655845342568816,"[0.003047,0.003485]",0.00021902898747262013,0.03422036154082528,0.27302,0.3139,0.58692,0.5348258706467661,0.0069747115562355435,0.009981762975520423,0.0005398142836220456,0.0011366750474750707,0.0005233629820047187,0.2,0.614264,1.0,0.242444,0.5050816778816769,"[0.4646,0.5455]",0.04044737177061989,0.04085757823414456,738.3772504329681,0.9919576970309013,"[0.9645,1.019]",0.027431901792270418,0.014109339847106868,738.386129617691,1.9639550204853848,"[1.81,2.118]",0.15374516595357085,0.03994053345550395,738.4116797447205,0.025328140964814973,"[0.02354,0.02711]",0.0017832816499405984,0.03592200382034441,738.4618155956268,0.050146623950094026,"[0.04486,0.05543]",0.005287176762088399,0.05379303633711034,738.4753892421722,0.57444,0.00386,0.5782999999999999,0.0066747362960401175,0.04278610979382125,0.194323330272615,0.1425746051764876,0.0839484997943722,0.0827804415611949,0.0040282076135874255,"[0.003742,0.004314]",0.0002857298201308318,0.036189922282850145,739.9784536361694,0.007975358818165435,"[0.007121,0.008829]",0.0008538698106757436,0.054624233532589425,739.9915812015533,0.48705,0.00577,0.49282,0.01170812872854186,0.008120431762418017,0.01267787239198121,0.00432204540682526,0.0005764451147095802,0.002125196014993688
2022-02-27 02:26:45.168556,0.6,0.899887,2.0,1.075891,100000,20.86898136138916,2380064,1.504685160182293,"[1.45,1.559]",0.054646774984118546,0.018529462762549378,1.4885166569902428,"[1.47,1.507]",0.018090901051579768,0.006200838609083133,0.9892545606084855,"[0.9536,1.025]",0.03564925481882045,0.018385960540366002,5,0.005067012693425735,"[0.004925,0.005209]",0.00014209281856559513,0.014307510241076763,0.0033674903079471226,"[0.003211,0.003524]",0.00015631408093802308,0.023682943325189387,0.27519,0.31441,0.5896,0.5332598371777476,0.006992862901072187,0.009995377855919595,0.00042438048799043525,0.0012391223420892788,0.00052557187338388,0.2,0.614264,1.0,0.242444,0.49078800642359727,"[0.4663,0.5153]",0.024494847211500824,0.025463888405393303,765.0242085456848,0.9789287466825436,"[0.9599,0.998]",0.019038768801733878,0.00992274216568193,765.0326943397522,1.994606090348577,"[1.899,2.09]",0.0952259680191957,0.024358031290440653,765.0576033592224,0.024070842324391366,"[0.02328,0.02486]",0.0007911676254515194,0.016769539940525775,765.101432800293,0.04904529452501721,"[0.04614,0.05195]",0.002907358323133585,0.030244411774809306,765.1144025325775,0.57638,0.0039,0.58028,0.006720893361825326,0.04063366008075778,0.16677264796005056,0.02714127205279025,0.04345734135170056,0.01629389347049656,0.00371221105677341,"[0.003558,0.003866]",0.00015373982219786436,0.021129909801789748,766.6602606773376,0.007563777044644027,"[0.007073,0.008055]",0.0004910151935633554,0.033120748327327414,766.6733303070068,0.48804,0.00589,0.49393,0.011924766667341526,0.00742159331595214,0.015310128158935109,0.0012175721600879484,0.00111331726735976,0.0006152627272342501
2022-02-27 02:26:45.168556,0.6,0.899887,2.0,1.075891,100000,21.616533279418945,2384271,1.47408281993539,"[1.431,1.518]",0.04350303444474408,0.015057109028709232,1.5121567713706618,"[1.494,1.531]",0.018429450125768472,0.006218125563720181,1.025828909285396,"[0.995,1.057]",0.03087733725653436,0.0153570866989955,5,0.004864031856265261,"[0.00474,0.004988]",0.0001235831591763509,0.012963038503050769,0.003299700525970756,"[0.003169,0.003431]",0.00013115061286375878,0.02027868210010604,0.27334,0.31626,0.5896,0.5363975576662143,0.006782301448138048,0.009517983869067248,0.00038069719581886887,0.0008725046229951075,0.00039756344314887754,0.2,0.614264,1.0,0.242444,0.49804713265867673,"[0.4752,0.5209]",0.02286519607503746,0.02342331799510621,792.4643113613129,1.013657805501352,"[0.9887,1.039]",0.024908216013340794,0.012537044954642073,792.4729137420654,2.035264815380506,"[1.941,2.13]",0.09448447779090514,0.02368554983879927,792.4979577064514,0.025194796047625968,"[0.0241,0.02629]",0.0010997202218398297,0.022269747481822418,792.5413250923157,0.05058717216808584,"[0.04739,0.05379]",0.003198163703764293,0.032255532488913344,792.5542094707489,0.5776,0.00347,0.58107,0.005971741786703839,0.04243965214843053,0.19644177714480976,0.05254001884425375,0.17138358183226338,0.03148127255111008,0.003911776874727708,"[0.003593,0.004231]",0.00031907582342170223,0.0416163274832448,794.0688149929047,0.007854230289101052,"[0.007116,0.008592]",0.000737742522550243,0.047923123252626695,794.0819056034088,0.48965,0.00559,0.49523999999999996,0.011287456586705436,0.007651828636519028,0.029527546128115287,0.004213928109319641,0.1017157053953543,0.002650181723558864
2022-02-27 02:26:45.168556,0.6,0.899887,2.0,1.075891,100000,20.804869174957275,2372037,1.5117642195650765,"[1.445,1.578]",0.06641385424756097,0.0224139578616367,1.4959730570822523,"[1.476,1.516]",0.019604594415335075,0.006686179301227026,0.9895544806005746,"[0.9466,1.032]",0.042919602491938505,0.022128904272302376,5,0.005061706818216898,"[0.004929,0.005194]",0.00013243771144820976,0.013349303578741712,0.003348211812866635,"[0.003175,0.003521]",0.00017317401007059993,0.026388440071558144,0.27633,0.31247,0.5888,0.5306895380434783,0.007161459174989906,0.009865845695240944,0.0005594969769480457,0.0009056960830698703,0.00045657401639002693,0.2,0.614264,1.0,0.242444,0.4947124778616078,"[0.466,0.5234]",0.028678969362595678,0.02957703288395194,819.01447224617,0.9948027495295404,"[0.9707,1.019]",0.024099619785300123,0.012359962199611961,819.0229413509369,2.0108705440977963,"[1.898,2.124]",0.11287015216171234,0.028637752189682276,819.0479850769043,0.02473661103412446,"[0.02368,0.02579]",0.0010547157577597424,0.021754001945899284,819.1002931594849,0.050001995383355466,"[0.04641,0.05359]",0.003589091144810385,0.03662191753338357,819.1135113239288,0.57637,0.00349,0.57986,0.006018694167557686,0.041662652810622175,0.207308834861361,0.04858825658697641,0.11862217638127344,0.028957344066709398,0.003869711579857589,"[0.003675,0.004064]",0.00019427637225706012,0.025614466619753758,820.644914150238,0.007822142664734065,"[0.00722,0.008424]",0.0006023452422390994,0.03928834007693796,820.6583533287048,0.48568,0.00618,0.49186,0.012564550888464197,0.007732304779684042,0.018492847000104236,0.001941851884629248,0.003753037945265264,0.0009824892965786083
2022-02-27 02:26:45.168556,0.6,0.899887,2.0,1.075891,100000,20.57242202758789,2362707,1.49220664437335,"[1.429,1.555]",0.06321273570384019,0.021613223536348296,1.5005656019725502,"[1.478,1.524]",0.023055125473344224,0.007838923605599452,1.005601742647856,"[0.9641,1.047]",0.04148712768482571,0.021048990850272814,5,0.005143053849655573,"[0.004868,0.005418]",0.0002748373910332389,0.02726457135964436,0.003446609669678419,"[0.003211,0.003682]",0.00023532212680399032,0.03483490186026051,0.27761,0.31015,0.5877600000000001,0.5276813665441676,0.007631662958431342,0.009751500550589872,0.0061939751717851425,0.0007336244696676736,0.001966253423312096,0.2,0.614264,1.0,0.242444,0.5029327967826386,"[0.4679,0.538]",0.03503596973803271,0.03554251160126265,845.425701379776,0.9851394731955715,"[0.9648,1.005]",0.02035069410024922,0.010539631672989977,845.434464931488,1.9587894834015702,"[1.83,2.088]",0.12877966125141946,0.033543119032702455,845.4595921039581,0.02413615355985032,"[0.0234,0.02488]",0.0007396799948481821,0.01563578685136202,845.5025277137756,0.04799081251859912,"[0.04446,0.05153]",0.003535242089982282,0.03758417182808644,845.5152745246887,0.57455,0.00368,0.57823,0.006364249520087162,0.04089326327273606,0.17416552894016685,0.023655829991180453,0.04370222759134541,0.014242151571704673,0.003818069278341959,"[0.003599,0.004037]",0.00021885159676286977,0.02924488001661638,847.0462217330933,0.007591609262245194,"[0.006906,0.008277]",0.0006856335531597206,0.04607890438540985,847.0592615604401,0.48535,0.00642,0.49177,0.013054883380442077,0.0075450477369714995,0.02431158243034928,0.0017961661934376612,0.05578764560271963,0.0012467727354658939
2022-02-27 02:26:45.168556,0.6,0.899887,2.0,1.075891,100000,20.956250429153442,2371557,1.4985642021719257,"[1.447,1.55]",0.05167923628871905,0.01759481325654794,1.4956599180957695,"[1.478,1.514]",0.018060867765844736,0.0061609784018906676,0.9980619555225282,"[0.9633,1.033]",0.03478101132574067,0.017779872124685826,5,0.005092437192069946,"[0.004941,0.005244]",0.0001515342016237546,0.015181997393267622,0.003398210890590663,"[0.003242,0.003555]",0.0001565010213101999,0.02349691129330236,0.2751,0.31179,0.58689,0.5312579870163063,0.007153819561755532,0.010020916099397032,0.0009866946578262305,0.0009841255697165027,0.0005977356898622635,0.2,0.614264,1.0,0.242444,0.5242837017435708,"[0.4691,0.5795]",0.05521155748108429,0.053728853074137134,872.1838552951813,1.0231552486509359,"[0.9915,1.055]",0.03167435569468189,0.015794656363068236,872.1922352313995,1.9515297638440898,"[1.783,2.12]",0.16871462917532887,0.044108418959921764,872.2173073291779,0.024975235997071122,"[0.02406,0.02589]",0.0009132357763900702,0.01865594465901422,872.2610688209534,0.04763687277329595,"[0.04233,0.05294]",0.005303892710447973,0.056806157748650235,872.2740018367767,0.57423,0.00397,0.5782,0.006866136285022483,0.04219301959152816,0.18809530403725544,0.035870379290968174,0.1443013857026352,0.021709693442283805,0.0038161873943607923,"[0.003565,0.004067]",0.0002510518010424546,0.03356429869831999,873.7936425209045,0.007278859483271339,"[0.006373,0.008185]",0.0009057265299493971,0.06348595868421376,873.8067433834076,0.4863,0.00581,0.49211,0.011806303468736665,0.007682802544657262,0.013776336814796257,0.0033269551524861794,0.001291385889189663,0.0016406447002983195
2022-02-27 02:26:45.168556,0.6,0.899887,2.0,1.075891,100000,20.91223978996277,2367912,1.4389576391999086,"[1.393,1.485]",0.045775958641232455,0.016230554884430263,1.49202323345107,"[1.472,1.513]",0.020518453252698274,0.007016377737028555,1.0368778015457543,"[1.003,1.07]",0.03355071395066298,0.01650889928764908,5,0.005136546498648673,"[0.004984,0.005289]",0.00015273801702518722,0.015171197170556018,0.0035696300980094893,"[0.003412,0.003727]",0.00015752216608133464,0.02251450426954013,0.27333,0.31394,0.58727,0.5345752379655014,0.007027263164624964,0.010243309733903713,0.0007746976909034667,0.0011959879882872879,0.0006072704561845683,0.2,0.614264,1.0,0.242444,0.4688679080872508,"[0.4489,0.4888]",0.019956440918641398,0.021715833896776338,898.8633286952972,0.9804682093947428,"[0.9584,1.003]",0.022079311595576342,0.011489362722587645,898.8719675540924,2.091139513886903,"[2,2.182]",0.09113272733292915,0.02223490548899398,898.8972923755646,0.024822484016142447,"[0.02378,0.02587]",0.001045829232178993,0.021496089698414805,898.9410517215729,0.05294131585462077,"[0.04977,0.05611]",0.0031700382089833636,0.030550174415689593,898.9540629386902,0.57487,0.00344,0.57831,0.005948366792896544,0.041753178394943594,0.2383239396050061,0.04620245180919771,0.386516777113982,0.02847143853811178,0.0038393218692523855,"[0.003673,0.004005]",0.00016587696123645244,0.022043242414614028,900.4712240695953,0.00818849360988454,"[0.007689,0.008688]",0.0004996411927943085,0.031131364089695853,900.4844205379486,0.48583,0.00589,0.49172,0.011978361669242658,0.007710634438736552,0.015834353120714104,0.0014110872538287804,0.002559077273934391,0.0007162423539420958
2022-02-27 02:26:45.168556,0.6,0.899887,2.0,1.075891,100000,20.89716076850891,2405007,1.5450956532739326,"[1.393,1.697]",0.1520217754957864,0.05019891822920166,1.503372998289106,"[1.485,1.521]",0.018023839426481707,0.006116802984054992,0.9729967171311241,"[0.8792,1.067]",0.09380364611636079,0.04918721952290268,5,0.005070340970725332,"[0.004942,0.005199]",0.00012875514250070236,0.012956012152700416,0.0032815709240924277,"[0.002947,0.003616]",0.00033445494466139125,0.051999570277658495,0.27623,0.31444,0.59067,0.5323446255946637,0.0071302218728432724,0.009861212895273615,0.0005986246286499171,0.0007863677220188274,0.00043153599334590204,0.2,0.614264,1.0,0.242444,0.5434157507995977,"[0.4513,0.6355]",0.09209332959366984,0.08646490754214321,925.5216076374054,1.0061430997478948,"[0.977,1.035]",0.029117307119381448,0.014765065667281594,925.5301537513733,1.8515162622125447,"[1.573,2.13]",0.27877254426716735,0.07681860150786018,925.555269241333,0.02478348427000237,"[0.02393,0.02563]",0.0008503065237824099,0.0175047969182348,925.6017866134644,0.04560685669036135,"[0.03773,0.05349]",0.00787939911376118,0.08814686826472914,925.6151781082153,0.57843,0.00362,0.58205,0.006219396959024139,0.041504562816240924,0.21436464094036609,0.03069518771974414,0.14289260270189258,0.01882083466230024,0.003879353267131373,"[0.003729,0.00403]",0.00015060140988006196,0.019806768997157612,927.1294384002686,0.007138831109372851,"[0.005896,0.008381]",0.0012424005195943637,0.0887929419267715,927.1423797607422,0.49138,0.00586,0.49723999999999996,0.011785053495294023,0.007695427603156661,0.016719121415060205,0.0011396826100814948,0.0025075434824609797,0.0005903994340343198
2022-02-27 02:26:45.168556,0.6,0.899887,2.0,1.075891,100000,20.953569650650024,2372884,1.5366452356774234,"[1.442,1.632]",0.09512289796843797,0.03158314598153053,1.5117748060210363,"[1.49,1.534]",0.02182771116720086,0.007366564971085751,0.98381511289727,"[0.925,1.043]",0.058804596328011195,0.03049591805614464,5,0.0052305068979624034,"[0.005056,0.005405]",0.00017432849966724168,0.017004683066142594,0.003403848055830894,"[0.003164,0.003644]",0.0002402510889257204,0.03601132723201725,0.27541,0.31355,0.5889599999999999,0.5323791089377886,0.007424120977281029,0.010160515833549462,0.0010816392574893852,0.0015085378694622404,0.0007910877185607948,0.2,0.614264,1.0,0.242444,0.5103544178236037,"[0.4612,0.5595]",0.049143066673637686,0.04912859049552042,952.2558970451355,1.0188561788511439,"[0.9908,1.047]",0.028089511803849842,0.014066149738182633,952.2643418312073,1.996369862332212,"[1.82,2.173]",0.1766874024321825,0.045155276882741055,952.2893345355988,0.025821260621606484,"[0.02463,0.02702]",0.0011955644380442266,0.0236232407504767,952.3326759338379,0.05059476261951594,"[0.04538,0.05581]",0.005215219427589838,0.05259094223993616,952.345593214035,0.57622,0.0039,0.58012,0.006722747017858374,0.04334997385287663,0.21593299694921003,0.0624967602830175,0.1533207587092915,0.03720778648261162,0.003914026482041908,"[0.003727,0.004101]",0.00018694372699727427,0.024368627291420683,953.8605461120605,0.007669232097045807,"[0.006844,0.008494]",0.000825196368136325,0.05489709397812735,953.8736324310303,0.48643,0.00618,0.49261,0.012545421327216257,0.007856687412712395,0.014934955319776426,0.001817867907754775,0.0015167509813766207,0.0009097239968667072
2022-02-27 02:26:45.168556,0.6,0.899887,2.0,1.075891,100000,20.77761459350586,2381588,1.5274496885611275,"[1.456,1.599]",0.07131418433063968,0.02382061301022005,1.5202068865391716,"[1.498,1.542]",0.022105716714264558,0.007419007896161326,0.9952582385683821,"[0.949,1.042]",0.046303579221384346,0.023736829495562144,5,0.005109183124047766,"[0.004941,0.005277]",0.00016784782682144347,0.016761318641016973,0.0033449109075799847,"[0.003153,0.003537]",0.00019235618095614777,0.02934036551726872,0.27539,0.31311,0.5885,0.5320475785896347,0.006990483760761397,0.010169185912847512,0.000516461823583128,0.0018249240403941447,0.0007333635195929113,0.2,0.614264,1.0,0.242444,0.5095793582360004,"[0.4759,0.5432]",0.03366297536882811,0.03370424479619787,978.7632145881653,1.0133283936028763,"[0.9878,1.039]",0.025576681223831162,0.01287768825722842,978.7718517780304,1.988558557612484,"[1.861,2.116]",0.1278130609179671,0.032792972133847284,978.7969703674316,0.02567522039589971,"[0.02454,0.02681]",0.0011373682448968705,0.022601166101710334,978.8399984836578,0.05038512643993087,"[0.04649,0.05428]",0.0038910592776334537,0.03940119764688864,978.8529806137085,0.57602,0.00371,0.57973,0.006399530816069549,0.04310677441395876,0.22772404257983497,0.05498464134740741,0.37677953703102945,0.03367363922583788,0.003882126588331566,"[0.00371,0.004055]",0.00017243823864698931,0.022662499840081295,980.370617389679,0.0076182963960122665,"[0.007009,0.008227]",0.0006089895278947189,0.040784570020938805,980.3836100101471,0.48849,0.00586,0.49434999999999996,0.01185394963082836,0.00773859038920327,0.017389516912911348,0.0015074105601912526,0.0037056870444129378,0.0007740250454934414
2022-02-27 02:26:45.168556,0.6,0.899887,2.0,1.075891,100000,21.28570055961609,2388714,1.510993077515402,"[1.394,1.628]",0.11694679868980239,0.039488423152488725,1.4996180294997932,"[1.48,1.52]",0.020108478023663782,0.006841360507325897,0.9924718066648504,"[0.9161,1.069]",0.07640396965721193,0.03927730431259563,5,0.00509480156320107,"[0.004936,0.005254]",0.00015911222378750908,0.015933830789482198,0.00337182323269058,"[0.003089,0.003654]",0.0002824944520775207,0.042745367281167096,0.27587,0.31408,0.58995,0.5323841003474871,0.00703009830119503,0.010046511541169121,0.0006332807393132943,0.0014803022826771514,0.0006590144668525191,0.2,0.614264,1.0,0.242444,0.5032655931156376,"[0.4562,0.5503]",0.047055174160443795,0.0477039206474769,1005.8063895702362,0.9971402576804445,"[0.9704,1.024]",0.026743484899471624,0.013683767200947139,1005.8151822090149,1.9813400147371631,"[1.809,2.154]",0.17228899400698527,0.044365200979604905,1005.8404302597046,0.024800840346757783,"[0.02387,0.02573]",0.0009309596940777291,0.01915174764697187,1005.8847782611847,0.04927982497913221,"[0.0444,0.05416]",0.004875487552832139,0.050476917287297474,1005.8978595733643,0.57735,0.00389,0.58124,0.00669258825958296,0.0415096818502517,0.21471093329433508,0.03601441672276693,0.3106857394327228,0.022560546438913448,0.0036672302563137645,"[0.003526,0.003809]",0.0001415572570767454,0.019694179339007648,1007.4157299995422,0.007286868616649358,"[0.006547,0.008026]",0.0007394046008515752,0.05177083122790018,1007.4289519786835,0.48948,0.00602,0.49550000000000005,0.012149344096871847,0.007277981593958354,0.017409273372596294,0.0009356195437782996,0.008197204139945196,0.0005216174779022226
2022-02-27 02:26:45.168556,0.6,0.899887,2.0,1.075891,100000,21.113919019699097,2384133,1.521637583208565,"[1.435,1.608]",0.08666091762646992,0.02905734872677349,1.515398533554033,"[1.488,1.542]",0.02696931557552893,0.00908002388863558,0.9958997794722078,"[0.9427,1.049]",0.053160069268965604,0.027234150343194968,5,0.005266628568160041,"[0.004975,0.005558]",0.000291240869783506,0.028213928242465987,0.0034611583114651325,"[0.003186,0.003736]",0.0002753382439691909,0.040587191703225736,0.27887,0.3106,0.5894699999999999,0.5269140074982611,0.0075381897776907675,0.010188195701401859,0.0009884349324971661,0.006155738708760882,0.0022079665824722284,0.2,0.614264,1.0,0.242444,0.5126388122860037,"[0.463,0.5623]",0.049654068204135045,0.049418240796957134,1032.6958405971527,1.0059948383793558,"[0.9769,1.035]",0.02907292577080128,0.014744733101376471,1032.7045397758484,1.9623852394112256,"[1.783,2.142]",0.17952952846481204,0.04667620625999736,1032.7301588058472,0.024382939186415185,"[0.02346,0.02531]",0.0009220933271869211,0.019294465510503848,1032.7733798027039,0.04756358395433357,"[0.04263,0.0525]",0.004938073083104146,0.05296962156634387,1032.78653049469,0.57626,0.00392,0.58018,0.006756523837429763,0.04097784487108895,0.19618528086771897,0.036819188203612206,0.09985825031517484,0.022132864016103877,0.003906186175202354,"[0.003708,0.004104]",0.00019787819373733208,0.025845737397719844,1034.2957201004028,0.007619762845859344,"[0.006785,0.008454]",0.0008344019378829031,0.055869885066224936,1034.3091897964478,0.48866,0.00634,0.495,0.012808080808080808,0.0077892319295473095,0.0157571136450735,0.0020219933102217356,0.0024015656221617315,0.00101925706884499
2022-02-27 02:26:45.168556,0.6,0.899887,2.0,1.075891,100000,20.901733875274658,2367232,1.4735498382853394,"[1.427,1.52]",0.04691452020967783,0.016243753062785946,1.4906436537890375,"[1.472,1.509]",0.01869624602427394,0.006399182667531629,1.0116004325470178,"[0.9796,1.044]",0.03197271638212901,0.01612554707788465,5,0.005028374570588967,"[0.004844,0.005213]",0.00018451059543977537,0.018721369614837245,0.0034124224644075246,"[0.003246,0.003579]",0.00016662576390317533,0.024912842924716558,0.27415,0.31181,0.58596,0.5321352993378388,0.007005176460884683,0.009967305230228126,0.0005613926932253545,0.002287115518982166,0.0008861974133054054,0.2,0.614264,1.0,0.242444,0.5039091444877368,"[0.4798,0.528]",0.024128624016201226,0.024430043772593443,1059.3116006851196,0.9859388276406936,"[0.9577,1.014]",0.028216718053284667,0.01460160034016842,1059.3202607631683,1.9565805431909313,"[1.862,2.052]",0.09506948740101939,0.02479061783555254,1059.3454797267914,0.0239412794527017,"[0.02316,0.02472]",0.000782115023338875,0.01666737477427012,1059.3892328739166,0.04751110336971536,"[0.04476,0.05026]",0.002750351581007422,0.029535003462985543,1059.4022555351257,0.57269,0.00359,0.57628,0.006229610605955439,0.04049135942489578,0.20954953305240256,0.024925389475032197,0.3134327910625821,0.015923154668168706,0.0036273660547542067,"[0.003494,0.003761]",0.00013316553000018721,0.018730284154758352,1060.919632434845,0.007198452527472405,"[0.006761,0.007636]",0.0004372696677847529,0.03099232347876179,1060.9326980113983,0.48519,0.00665,0.49184,0.013520657124268054,0.007262418964026467,0.015595939488452096,0.000870434941839226,0.0037939500909718654,0.000461606059460401
2022-02-27 02:26:45.168556,0.6,0.899887,2.0,1.075891,100000,20.836729288101196,2386233,1.5589647159013942,"[1.439,1.679]",0.12039535820411477,0.0394019200940337,1.5043774115253723,"[1.485,1.524]",0.019681837746621446,0.00667502308624535,0.9649849006720723,"[0.8933,1.037]",0.07172691439179885,0.03792325088208581,5,0.005148443854532671,"[0.004998,0.005299]",0.00015080493492714277,0.014944572671689145,0.003302476189498515,"[0.003029,0.003576]",0.0002738172673523309,0.04230240565212755,0.27677,0.31036,0.58713,0.5286052492633658,0.007241039474656244,0.01013127129505111,0.0006966880773102071,0.0012221691463592643,0.0005919962619320015,0.2,0.614264,1.0,0.242444,0.5109210933937143,"[0.4667,0.5551]",0.04419470674160787,0.04413268517913939,1085.9875345230103,1.0162268591791481,"[0.986,1.046]",0.03023420605188948,0.015179302921649436,1085.9997863769531,1.9890094034462709,"[1.836,2.142]",0.15301538256208477,0.039250228078605676,1086.02498793602,0.02537832953912215,"[0.02429,0.02647]",0.001090480734323888,0.021922944957277334,1086.0684492588043,0.04967172008998596,"[0.04493,0.05442]",0.004743699207755492,0.04872500274703329,1086.0814185142517,0.57458,0.00382,0.5784,0.006604426002766252,0.0428234293678632,0.2023150505066266,0.05173459921395407,0.17352057406405424,0.030954504163149894,0.0038302123179235837,"[0.003667,0.003993]",0.00016293549625964239,0.021703850422468918,1087.665176153183,0.0074966807349487,"[0.006776,0.008218]",0.000721098793198325,0.04907605919977642,1087.6781759262085,0.48602,0.00597,0.49199,0.01213439297546698,0.007662282394822903,0.01778724093664264,0.0013342944356800448,0.004492295626578759,0.0006910655961416062
2022-02-27 02:26:45.168556,0.6,0.899887,2.0,1.075891,100000,20.822744131088257,2380811,1.5104879387537589,"[1.449,1.572]",0.061592029452275494,0.020804207710865004,1.4998071997647386,"[1.477,1.523]",0.02274152050419278,0.0077362054173308785,0.992928947848579,"[0.9516,1.034]",0.0412867195072679,0.02121466279684184,5,0.005156507995573859,"[0.00499,0.005323]",0.00016662718422205932,0.016486713406441568,0.003413802827070755,"[0.003234,0.003593]",0.0001793246718012886,0.026800663109462327,0.27344,0.31229,0.5857300000000001,0.5331637443873457,0.007072337544329421,0.010319408298224158,0.000785335538639946,0.0015615309313605284,0.0007227358007541676,0.2,0.614264,1.0,0.242444,0.5170578239549475,"[0.4799,0.5542]",0.03713615404956936,0.036643904210373515,1112.7416565418243,1.0151904225614652,"[0.9861,1.044]",0.02906295679030497,0.014606165354982213,1112.7501363754272,1.9633982419922171,"[1.833,2.094]",0.13020567851194007,0.03383494352176576,1112.7750866413116,0.024923971804677307,"[0.02405,0.0258]",0.0008773227765168165,0.017959162568309886,1112.8183932304382,0.04820345162565221,"[0.04436,0.05204]",0.003839957013239289,0.04064359865064142,1112.8313539028168,0.57268,0.004,0.57668,0.0069362558091142406,0.04237889150873957,0.1636070538630818,0.033659312117358675,0.06135076880168177,0.02003579899508476,0.0038977704183882503,"[0.003726,0.00407]",0.00017212230972488986,0.022530189194157703,1114.3441574573517,0.007538364642806126,"[0.006901,0.008176]",0.0006374678998017341,0.04314446697653658,1114.3572702407837,0.48557,0.00608,0.49165,0.012366520899013526,0.007817819712535062,0.016722319173124937,0.0015320957332036248,0.0018202146081420833,0.000771191417769443
2022-02-27 02:26:45.168556,0.6,0.899887,2.0,1.075891,100000,20.67034912109375,2364032,1.4801848374509596,"[1.412,1.549]",0.06843825205225008,0.02358994272431138,1.500173761769984,"[1.477,1.523]",0.023273444009592827,0.007915220509745129,1.0135043433855513,"[0.9663,1.061]",0.0472365798036915,0.02377917369125853,5,0.005300630218799257,"[0.004698,0.005903]",0.0006027866503120149,0.05802031016087974,0.0035810596654452446,"[0.003143,0.004019]",0.00043811793441112575,0.06241994807568536,0.27247,0.31351,0.58598,0.535018260008874,0.007064948386784511,0.010767260157098913,0.00045942653858394337,0.02970021510429393,0.00945834407003278,0.2,0.614264,1.0,0.242444,0.5015208411786697,"[0.4657,0.5373]",0.03581175669974225,0.03643179492940503,1139.1787486076355,1.0049064922412023,"[0.9757,1.034]",0.02922876269091176,0.014839822551764338,1139.1872353553772,2.0037183098502553,"[1.86,2.147]",0.1437608900391756,0.03660564088103378,1139.212807893753,0.02531138834879928,"[0.02401,0.02662]",0.0013041223003147776,0.026287318237931734,1139.2574727535248,0.0504692652239789,"[0.04607,0.05487]",0.004397169674579451,0.04445188384743619,1139.2706859111786,0.57385,0.00377,0.57762,0.006526782313631799,0.04289254386508516,0.18501380684884738,0.07588033900850878,0.04866338167693626,0.044271526816386596,0.0038702114446582106,"[0.003661,0.00408]",0.000209379835768819,0.027602224929666647,1140.8117673397064,0.007716950377500714,"[0.007023,0.008411]",0.0006941373442526917,0.04589270228870804,1140.8247592449188,0.48442,0.00626,0.49068,0.012757805494415913,0.007784585362844891,0.01584706121228265,0.002241776964579489,0.006274457432177563,0.0011411889740362772
2022-02-27 02:26:45.168556,0.6,0.899887,2.0,1.075891,100000,20.66053795814514,2362463,1.4728855272085295,"[1.431,1.515]",0.042114727681831034,0.01458844259325508,1.4766700513657494,"[1.459,1.495]",0.018020796118114878,0.006226362974740653,1.00256946251919,"[0.9736,1.032]",0.028988393495667824,0.014752091734671284,5,0.004934954402837438,"[0.004815,0.005055]",0.00011958507728211475,0.012363395798877255,0.003350534927307187,"[0.003222,0.003479]",0.00012841016158572963,0.019553710074827445,0.27537,0.3097,0.58507,0.5293383697677201,0.00695724570421381,0.009748587837481695,0.00038656540755439356,0.0007988383334812192,0.00037225610965663686,0.2,0.614264,1.0,0.242444,0.4824430227520273,"[0.4595,0.5054]",0.022954810581365833,0.02427569163485855,1165.6713144779205,0.9837394021353048,"[0.9599,1.008]",0.023868180540194118,0.012378931967469545,1165.6798958778381,2.039078928997053,"[1.942,2.136]",0.09702623654412877,0.024277226941194746,1165.704999923706,0.024641866704322127,"[0.02372,0.02556]",0.0009206456393526824,0.01906175244640272,1165.7482798099518,0.051077257918989316,"[0.04798,0.05417]",0.0030938377333069008,0.030903942454112276,1165.7612195014954,0.57305,0.00341,0.57646,0.005915414772924401,0.0418271111689427,0.19731397330190847,0.037139769657800435,0.07401229576872266,0.022063421315574483,0.00398037345254537,"[0.003695,0.004266]",0.00028564014808702944,0.0366133407253441,1167.2783753871918,0.008250452933985651,"[0.007537,0.008964]",0.0007135066025605616,0.04412290862222847,1167.2917177677155,0.48426,0.00589,0.49015000000000003,0.012016729572579822,0.008023199461804638,0.016139029061435668,0.004329952895136172,0.0017276526559831008,0.0021238623021444217
2022-02-27 02:26:45.168556,0.6,0.899887,2.0,1.075891,100000,21.53873920440674,2371436,1.50648230111707,"[1.438,1.575]",0.06848488139215789,0.02319394392519436,1.5030122781013189,"[1.483,1.523]",0.01960138939275457,0.006653777230940371,0.9976966055205706,"[0.9528,1.043]",0.044885238723486605,0.022953502973812327,5,0.005036407381242492,"[0.00487,0.005203]",0.00016613614191018125,0.016830119426988224,0.003343157352401652,"[0.003154,0.003532]",0.00018870462530712402,0.028798485953851732,0.27654,0.31046,0.587,0.5288926746166951,0.0072020144363556336,0.009807261189888249,0.0008685930980502271,0.0014798762164169093,0.0007184823419616798,0.2,0.614264,1.0,0.242444,0.4952699469714531,"[0.4662,0.5244]",0.029096458390112854,0.029973819171680717,1192.9592094421387,1.0058198277583859,"[0.9719,1.04]",0.03396322548586175,0.017227912783261735,1192.9679701328278,2.0308517282522702,"[1.906,2.156]",0.12528436087184563,0.03147477060600741,1192.9930219650269,0.024283036116182256,"[0.0234,0.02516]",0.00087962626608318,0.01848158150898828,1193.0365295410156,0.049029900289067826,"[0.04573,0.05233]",0.0033030743292049775,0.03437172000678481,1193.0495491027832,0.57411,0.00353,0.57764,0.0061110726403988645,0.041034087616730955,0.20536999278777548,0.03364613314202234,0.08460750372756261,0.020141148687615514,0.004024929921613652,"[0.003646,0.004404]",0.00037910720791349263,0.0480560031157703,1194.564929485321,0.008126739662331349,"[0.007226,0.009028]",0.0009011895228751744,0.05657749503490251,1194.578512430191,0.48599,0.00613,0.49212,0.01245631146874746,0.008049230447399015,0.01844770252564515,0.007599978806817504,0.004946429114373866,0.0037412087435434232
2022-02-27 02:26:45.168556,0.6,0.899887,2.0,1.075891,100000,20.939322471618652,2369021,1.470227061571097,"[1.404,1.537]",0.06629021953269178,0.023004297405437486,1.4852656814128289,"[1.467,1.504]",0.018413797230437214,0.006325329281417518,1.0102287736600777,"[0.9653,1.055]",0.04497470455037768,0.022713942059569885,5,0.004989395067473958,"[0.004862,0.005117]",0.00012751377563327882,0.013039265865436255,0.0033936221131328163,"[0.003216,0.003571]",0.00017785806124207248,0.02673954428980476,0.2772,0.30882,0.58602,0.5269786014129211,0.0068682360505259886,0.009991321916547353,0.0004431931904790053,0.0009111819018394338,0.00042325497126859054,0.2,0.614264,1.0,0.242444,0.5262670102283028,"[0.4774,0.5751]",0.04886043117679109,0.04736909388623021,1219.6275012493134,0.9942688231216262,"[0.9704,1.018]",0.023889161722765825,0.012258604045806129,1219.6362488269806,1.889285864014727,"[1.731,2.047]",0.15781202157122187,0.042617339741928044,1219.6617045402527,0.02455394423662804,"[0.02365,0.02546]",0.0009055686950898034,0.018816726143099784,1219.7057843208313,0.04665681822992507,"[0.04214,0.05117]",0.004514154426139687,0.04936341783931102,1219.7190432548523,0.57274,0.00395,0.57669,0.006849433837937193,0.041512937495160836,0.19691757358218379,0.03565380034943158,0.09849376714438303,0.02134669568738675,0.0036940918370321294,"[0.003548,0.00384]",0.00014610536055619406,0.020179127805352474,1221.2524635791779,0.0070194250546496825,"[0.006309,0.00773]",0.0007106717314714174,0.05165488843811832,1221.2656755447388,0.48387,0.00603,0.4899,0.012308634415186773,0.007437286131279042,0.01582291819073627,0.0010977028424658465,0.0016419294623086895,0.0005556741041039014
2022-02-27 02:26:45.168556,0.6,0.899887,2.0,1.075891,100000,21.116268396377563,2383449,1.4763614302152184,"[1.425,1.528]",0.05154028859098273,0.017811401103733054,1.4993878554326352,"[1.48,1.519]",0.019559784008543857,0.00665570392667525,1.015596739894553,"[0.9803,1.051]",0.03528934561950113,0.01772826503468715,5,0.004963519795991019,"[0.004828,0.005099]",0.00013505724177125496,0.013882639505416612,0.0033619950334705345,"[0.003212,0.003512]",0.00014964350488794266,0.022709351508122436,0.27435,0.31285,0.5871999999999999,0.5327826975476839,0.006786215661107827,0.00991440476063956,0.0003880591299818687,0.0011174694630859542,0.0004748141023234907,0.2,0.614264,1.0,0.242444,0.4819992588122483,"[0.4576,0.5064]",0.02441402942404487,0.025842648579879626,1246.5674149990082,0.9940339607939571,"[0.9701,1.018]",0.023969469491180454,0.012302719676902978,1246.5759944915771,2.062314293269816,"[1.962,2.162]",0.10016252909654942,0.024779603835593914,1246.6010160446167,0.025073571503464565,"[0.02408,0.02607]",0.0009939230556693158,0.020224625748318865,1246.6445140838623,0.05201993788382856,"[0.04873,0.05531]",0.0032898276881698544,0.03226615760520093,1246.6574668884277,0.57484,0.00382,0.5786600000000001,0.006601458542149103,0.04228199181917174,0.201097205793684,0.042185492376563466,0.23874885637705875,0.02571540609618466,0.003996431385248069,"[0.003602,0.004391]",0.0003943338132995368,0.05034259359833944,1248.1704852581024,0.00829136417158846,"[0.00739,0.009193]",0.0009015474887375239,0.055476179675681934,1248.183382987976,0.486,0.00601,0.49201,0.012215198878071584,0.00787606756251994,0.028063652223523642,0.007904679771686953,0.031145867918147416,0.0040477706245146275
2022-02-27 02:26:45.168556,0.6,0.899887,2.0,1.075891,100000,20.952326774597168,2379099,1.4467944231245349,"[1.398,1.496]",0.04907803852249426,0.017307099870225183,1.5266262745585952,"[1.459,1.594]",0.06721120878365533,0.022462231670157984,1.0551784345848205,"[0.9987,1.112]",0.056432033639064495,0.02728624178981688,5,0.005200631933549362,"[0.004954,0.005448]",0.00024711172718750184,0.024242710009341487,0.003594589425025528,"[0.003385,0.003805]",0.00020997242329423763,0.029802788226435183,0.27448,0.31442,0.5889,0.5339106809305485,0.006925863210940481,0.010494310156511732,0.0006037543914598559,0.0044624580391369,0.0015895513773841721,0.2,0.614264,1.0,0.242444,0.48005190479331594,"[0.4577,0.5024]",0.022397749733850243,0.02380455783946339,1273.3687543869019,1.000022833077014,"[0.9752,1.025]",0.024834351542990813,0.01267029822003904,1273.3771657943726,2.08315564023763,"[1.984,2.183]",0.09951407452185905,0.024372872588222343,1273.4025902748108,0.025300250081528947,"[0.02418,0.02642]",0.0011210591593216917,0.02260724526415561,1273.4521322250366,0.05270315528155617,"[0.04936,0.05604]",0.0033402548334971493,0.032336045928161805,1273.4655306339264,0.57604,0.00386,0.5799,0.006656320055181928,0.04262877180483999,0.19284258317847605,0.0549390958802525,0.13406768197757915,0.032714848987376574,0.003831636896746267,"[0.003551,0.004113]",0.0002811356472778275,0.03743479839005316,1275.0620048046112,0.00798171376571448,"[0.007286,0.008678]",0.0006961932083396207,0.04450179835132322,1275.075231552124,0.48735,0.0063,0.49365000000000003,0.01276207839562443,0.0076618565463043185,0.015497001413469453,0.0041683245976147434,0.001671518400450864,0.0020574045233840866
2022-02-27 02:26:45.168556,0.6,0.899887,2.0,1.075891,100000,21.160848140716553,2377547,1.4569544926176405,"[1.406,1.508]",0.05103815603850728,0.017872813229098224,1.5017742002501941,"[1.48,1.523]",0.021311448052677213,0.007240228111634031,1.0307625995593233,"[0.9936,1.068]",0.037115548708674916,0.018371353841609425,5,0.004997145671870538,"[0.004868,0.005126]",0.00012901838499365043,0.013172661145332096,0.0034298570732243018,"[0.003278,0.003582]",0.00015169319046606956,0.02256493004791946,0.2755,0.31189,0.5873900000000001,0.5309760125300056,0.00684146728350063,0.009978907420135668,0.00037240576934564857,0.0009994661897567319,0.00043330236532616124,0.2,0.614264,1.0,0.242444,0.4803976808167303,"[0.4505,0.5103]",0.0299255052311293,0.03178224109634327,1300.4518039226532,1.0187795869147271,"[0.9842,1.053]",0.034602102046906835,0.017328707724568015,1300.4601304531097,2.120700468792203,"[1.984,2.258]",0.1369772358084736,0.03295436853467751,1300.4853191375732,0.025383044703439443,"[0.02392,0.02684]",0.001459632413998788,0.029338892319903397,1300.5288825035095,0.05283756711790407,"[0.04849,0.05719]",0.004349331618314921,0.04199751928559743,1300.5418775081635,0.57458,0.00395,0.57853,0.006827649387240074,0.042796607293555965,0.20075192017925444,0.09465280430786975,0.1282250358794203,0.05545936026644964,0.004041281167523861,"[0.003611,0.004472]",0.00043037366611616956,0.05433385898616318,1302.0540976524353,0.008412366106042034,"[0.007373,0.009451]",0.0010390010766546584,0.063014683793801,1302.0672612190247,0.48663,0.00635,0.49298000000000003,0.012880847093188364,0.008055953945530978,0.019057054962223804,0.009788195334478928,0.006406651407263701,0.00482146742207081
2022-02-27 02:26:45.168556,0.6,0.899887,2.0,1.075891,100000,20.700962781906128,2376669,1.4843110593240536,"[1.419,1.549]",0.0649822338357876,0.022336423843479652,1.493905520405583,"[1.473,1.514]",0.02056271445391732,0.00702265350822661,1.0064639153776156,"[0.9623,1.051]",0.04418798357845153,0.02240009724778259,5,0.00521444808828802,"[0.005003,0.005426]",0.00021183669091171298,0.020727015115073272,0.003513042670895849,"[0.003303,0.003723]",0.00021013082738291798,0.030517592825102823,0.27539,0.31405,0.58944,0.5327938382193268,0.007275649545698813,0.010223871867212306,0.0012065603966303097,0.0025971614982834234,0.0011681274369123443,0.2,0.614264,1.0,0.242444,0.49540024438652136,"[0.4709,0.5199]",0.0244629123265699,0.025193927251880226,1326.9130098819733,1.0093950701026382,"[0.9811,1.038]",0.02834488763344791,0.01432707350406767,1326.921505689621,2.03753446135785,"[1.935,2.14]",0.10273986032001613,0.025726335959347837,1326.9465510845184,0.024825697400209193,"[0.02387,0.02578]",0.0009548357048395882,0.019623258353807373,1326.9901032447815,0.05011240442755954,"[0.04698,0.05325]",0.0031335448214701907,0.03190322588100993,1327.003069639206,0.57676,0.00376,0.58052,0.006476951698477227,0.04181240622409791,0.1888228687230004,0.0396957107828954,0.08287567653939198,0.02373259119212082,0.0037555224809365318,"[0.00359,0.003921]",0.0001659076267778709,0.022539273506078927,1328.5229692459106,0.0075807844737484555,"[0.007075,0.008086]",0.0005056043118367441,0.03402832312189743,1328.5360305309296,0.48665,0.00601,0.49266000000000004,0.01219908253156335,0.0075000538654267975,0.017574254130878625,0.0014144685223709454,0.0021679488717424276,0.0007165072007253569
2022-02-27 02:26:45.168556,0.6,0.899887,2.0,1.075891,100000,20.616478443145752,2382391,1.4723872187260145,"[1.419,1.526]",0.053317506118202136,0.0184753092787086,1.515400905865125,"[1.479,1.551]",0.03593479213535478,0.012098499841936056,1.029213570039224,"[0.9877,1.071]",0.04147392282008053,0.020559546939627207,5,0.005260851401351863,"[0.004744,0.005777]",0.0005165225425958788,0.05009301525224118,0.003573008060952759,"[0.003205,0.003941]",0.0003675191935043041,0.05247953248508386,0.27611,0.31128,0.5873900000000001,0.5299375202165512,0.0071281103963505826,0.010577964661447906,0.0005448154330625455,0.021759493076538135,0.006944906731822976,0.2,0.614264,1.0,0.242444,0.4940320507798682,"[0.4697,0.5184]",0.02437894571984704,0.0251769851622625,1353.2937064170837,1.0006372140535857,"[0.9745,1.027]",0.026143978195721007,0.013330270150094208,1353.3021173477173,2.025449993525727,"[1.925,2.125]",0.10002266225848105,0.025195374214699494,1353.3271672725677,0.02543712512656164,"[0.02429,0.02659]",0.0011513022648786306,0.023092197400901588,1353.3707048892975,0.0514888155260517,"[0.04807,0.05491]",0.0034185872265858636,0.033874874350893945,1353.3838913440704,0.57511,0.00351,0.57862,0.0060661574090076385,0.04310268047699295,0.18471297932712893,0.05866093869518721,0.06441784069623956,0.034503771999028134,0.004131152025579475,"[0.003778,0.004485]",0.0003534595928738217,0.043652842078873606,1354.901908159256,0.008362113387295679,"[0.007533,0.009191]",0.0008287133265563655,0.05056292615629908,1354.9149732589722,0.48848,0.00572,0.49420000000000003,0.011574261432618372,0.00824506665614279,0.018112214228469366,0.006569635230548021,0.004365982014102307,0.003252126296192415
2022-02-27 02:26:45.168556,0.6,0.899887,2.0,1.075891,100000,21.46297788619995,2386396,1.486602426497436,"[1.428,1.545]",0.05865761170650128,0.020131376337109635,1.4930879315641947,"[1.473,1.514]",0.020483555573775708,0.006999449556290463,1.0043626358676403,"[0.9641,1.045]",0.04024902950278537,0.020446020591292084,5,0.005053620467264024,"[0.004835,0.005272]",0.00021818070057381858,0.02202711594337428,0.00339944317134662,"[0.003199,0.0036]",0.00020008314355079534,0.030029399333970818,0.27437,0.31267,0.58704,0.5326212864540747,0.006853810040915476,0.010148529140429354,0.0004306315181332795,0.003522678739431694,0.001239140412923841,0.2,0.614264,1.0,0.242444,0.4950931506994116,"[0.4573,0.5329]",0.03783677216905581,0.038991603033057244,1380.5215158462524,0.9931263375976094,"[0.9702,1.016]",0.02287831754456721,0.011753399895085236,1380.5303528308868,2.005938349570445,"[1.857,2.154]",0.1485160852499543,0.03777459706020178,1380.555824995041,0.02494251996729437,"[0.02393,0.02595]",0.0010079194424411192,0.020617187604326473,1380.5999343395233,0.0503794486594258,"[0.04607,0.05469]",0.004309821081005668,0.043646533758247896,1380.6131732463837,0.57405,0.00383,0.57788,0.006627673565446113,0.0423156961958512,0.17002469087884897,0.044812486026172715,0.05317244091640241,0.02644475225038569,0.003979072294368824,"[0.003657,0.004301]",0.0003216738816865454,0.04124562592726852,1382.1388638019562,0.008037017455700287,"[0.007142,0.008932]",0.0008948376279950922,0.056805875154317086,1382.1518952846527,0.48853,0.00597,0.4945,0.012072800808897877,0.008008208702027592,0.011192981100047478,0.005472989413677381,0.0005947748485989712,0.00269351536233053
2022-02-27 02:26:45.168556,0.6,0.899887,2.0,1.075891,100000,21.090192556381226,2382279,1.4803095942657896,"[1.409,1.551]",0.07088451026024904,0.024431082929816644,1.4945954109820938,"[1.474,1.516]",0.021045408614607623,0.00718418730306703,1.0096505601069146,"[0.9616,1.058]",0.048087110671972834,0.02429973409430254,5,0.005031819765487494,"[0.00489,0.005174]",0.00014211617091570321,0.014409945873760995,0.003399167164070971,"[0.003208,0.00359]",0.00019078938020569266,0.028636873626576406,0.27688,0.3121,0.5889800000000001,0.5298991476790383,0.007120637095732802,0.009805375733486046,0.0006958345229300653,0.001007226630171943,0.000525744638581356,0.2,0.614264,1.0,0.242444,0.5060390539794856,"[0.4652,0.5469]",0.04088153268966241,0.041218014059662,1407.3759849071503,1.0041395814734326,"[0.9753,1.033]",0.028868891552231955,0.014668305655819683,1407.3845369815826,1.9843124232742315,"[1.836,2.132]",0.1478556108852429,0.03801646115860403,1407.4095668792725,0.02468517943122726,"[0.02364,0.02573]",0.001044041604981923,0.02157870838006708,1407.4523663520813,0.04878117456963703,"[0.04434,0.05322]",0.004443098959990207,0.046470533858276195,1407.4653866291046,0.57584,0.00385,0.57969,0.006641480791457503,0.04147018774379334,0.20908740801073056,0.04763106898703248,0.10312842246586669,0.028374189736912487,0.003743702566471362,"[0.003569,0.003918]",0.00017450821258325458,0.02378255236828689,1408.996731519699,0.0073980506781658965,"[0.006706,0.00809]",0.0006922173287050687,0.047738535709752034,1409.0097601413727,0.48689,0.00603,0.49291999999999997,0.012233222429603181,0.007432742335522798,0.02069231355367605,0.001326046898643639,0.021826783125097678,0.0007927196027437103
2022-02-27 02:26:45.168556,0.6,0.899887,2.0,1.075891,100000,21.119128704071045,2391865,1.5019863718174526,"[1.423,1.581]",0.07854238102953288,0.026679764966126507,1.4987007195067805,"[1.479,1.518]",0.019584596143828892,0.006667202303737475,0.9978124619688151,"[0.9481,1.048]",0.04972800003521007,0.025427051230981552,5,0.00506360977870077,"[0.004928,0.005199]",0.00013551401780514854,0.01365425220826689,0.0033712754481078524,"[0.003172,0.003571]",0.000199754589735945,0.030230578478936194,0.27771,0.31093,0.58864,0.5282175863006252,0.006963708464794064,0.010065668481467888,0.0004450542014607243,0.0010777526837940786,0.000478031263580126,0.2,0.614264,1.0,0.242444,0.5067923979271095,"[0.4672,0.5464]",0.039567448731785956,0.03983381346152601,1434.2595636844635,1.0072428803648044,"[0.9816,1.033]",0.02563020075669364,0.012982601608852572,1434.2682085037231,1.9874861668893329,"[1.853,2.122]",0.1342000418395916,0.034450256933861195,1434.2931561470032,0.02447098085881271,"[0.02362,0.02532]",0.0008520675098810646,0.017765055020723935,1434.33655667305,0.04828600618104043,"[0.04415,0.05242]",0.004132874055028761,0.04366915755764693,1434.3494412899017,0.57629,0.0037,0.57999,0.006379420334833359,0.041261578189929454,0.18712053074007226,0.031378652918321745,0.08210816396317445,0.018898871339934363,0.003804595422226763,"[0.003617,0.003993]",0.00018792042210896305,0.02520051562434158,1435.8721652030945,0.007507206970326274,"[0.006811,0.008203]",0.0006959413987509761,0.047297502736154594,1435.8851146697998,0.4891,0.0059,0.495,0.01191919191919192,0.00759287690241945,0.015410055805662763,0.0017766355987061523,0.005962462080534153,0.000919254608642515
2022-02-27 02:26:45.168556,0.6,0.899887,2.0,1.075891,100000,20.76760506629944,2394374,1.4833909896731092,"[1.438,1.529]",0.04521285867400171,0.015550711308310804,1.5239984852163755,"[1.488,1.56]",0.03572531358785213,0.011960117406245823,1.0273747756498204,"[0.9905,1.064]",0.03689682611473904,0.01832331465518341,5,0.004940506796377227,"[0.004801,0.00508]",0.00013956356111158798,0.01441267089816256,0.003330549282536732,"[0.003191,0.003471]",0.00014001593886243,0.02144892551982585,0.27682,0.31486,0.59168,0.5321457544618713,0.006800934597607293,0.009711846792439739,0.0006229298492197101,0.0010051956561833843,0.0005070279984940641,0.2,0.614264,1.0,0.242444,0.4993118294388098,"[0.4764,0.5223]",0.02294558477144413,0.023446131887154727,1460.796266078949,1.0240635327571197,"[0.9917,1.056]",0.03232028254867028,0.01610245804911711,1460.80490899086,2.0509498721632387,"[1.947,2.155]",0.10381483346347727,0.02582547359444411,1460.8299169540405,0.02541772324882646,"[0.02438,0.02645]",0.001033016797843261,0.020735507326725612,1460.873262643814,0.05090550984420724,"[0.04779,0.05402]",0.003113133298581823,0.031201599207314773,1460.88614320755,0.57908,0.00385,0.5829300000000001,0.0066045665860394905,0.042568139784308845,0.19931554870880458,0.04641663050899023,0.0890795343283164,0.02777810559731218,0.003782503952437105,"[0.003628,0.003937]",0.0001548454085806309,0.020886365347751044,1462.3986101150513,0.007575434286602752,"[0.007105,0.008045]",0.0004699591905354078,0.03165166354039767,1462.4115962982178,0.48968,0.00651,0.49619,0.013119974203430137,0.007474341242916521,0.0188123705999607,0.0011308648487818253,0.008452958591648954,0.0006241436005441101
2022-02-27 02:26:45.168556,0.6,0.899887,2.0,1.075891,100000,20.961901426315308,2389959,1.4974341429029614,"[1.425,1.57]",0.07216597905623282,0.02458831144194937,1.4820430797953088,"[1.463,1.501]",0.018724696866574665,0.0064461127337675,0.9897217095118352,"[0.9417,1.038]",0.04799183589032197,0.02473991458504419,5,0.005038081555044954,"[0.004919,0.005158]",0.00011953400663102884,0.012105151020428718,0.0033644762134767475,"[0.003182,0.003547]",0.00018269509738694454,0.02770469412377623,0.2763,0.31412,0.59042,0.5320280478303581,0.007034706855697953,0.009850987045764707,0.0003853464340781918,0.0007853468937334939,0.00037193822212793756,0.2,0.614264,1.0,0.242444,0.5082558764015118,"[0.4673,0.5492]",0.04097387713987442,0.04113093488478278,1487.5242729187012,0.9955710335871856,"[0.9655,1.026]",0.03004344559276288,0.01539647905635235,1487.5330846309662,1.9587988645323693,"[1.799,2.119]",0.16023907235057266,0.04173712280041051,1487.5584740638733,0.02517578860008401,"[0.02292,0.02743]",0.0022582453643454556,0.04576484258424479,1487.6047008037567,0.04953368916918464,"[0.0436,0.05547]",0.005932374031699848,0.06110430084072502,1487.6184735298157,0.5777,0.00386,0.58156,0.006637320310887956,0.04238156306736127,0.17926414924077644,0.22832520794268787,0.08219970868695967,0.1327486496664864,0.003806086722576321,"[0.003635,0.003977]",0.00017077124575844193,0.022891802778596,1489.1346876621246,0.007488524775205137,"[0.006799,0.008178]",0.0006895358761488193,0.046979081862440396,1489.147700548172,0.48937,0.00626,0.49563,0.012630389605149003,0.007548723687549422,0.01788623188502571,0.0014810252137878875,0.003028835833627457,0.0007591320902199649
2022-02-27 02:26:45.168556,0.6,0.899887,2.0,1.075891,100000,21.581185579299927,2390184,1.5042373204556998,"[1.439,1.57]",0.06571330425789762,0.022288501683890478,1.5022338258422288,"[1.483,1.522]",0.01931464979952417,0.006559839748980255,0.9986680993841689,"[0.9557,1.042]",0.04295157093685044,0.02194329309009559,5,0.004974409020595903,"[0.004844,0.005105]",0.00013064245464841312,0.013399443696759855,0.003306930996160191,"[0.003136,0.003477]",0.0001705289653548813,0.026309764026427585,0.27679,0.31083,0.58762,0.5289642966543004,0.006900219928442769,0.00985907778078767,0.00037673251634761534,0.0010338666676305002,0.00044427975209711273,0.2,0.614264,1.0,0.242444,0.5078182934486155,"[0.4766,0.5391]",0.03126463510647499,0.031411519923303315,1514.8656306266785,1.0050141157824863,"[0.9812,1.029]",0.023848795822596306,0.01210704683609225,1514.874371767044,1.9790821416798379,"[1.863,2.096]",0.11651724610381352,0.030037952084345076,1514.8992648124695,0.025666307105013303,"[0.02458,0.02676]",0.001089819895906876,0.021663831764389425,1514.9423735141754,0.050542305064893045,"[0.04678,0.05431]",0.0037671317154858515,0.038027667610746455,1514.9554681777954,0.57527,0.00363,0.5789,0.006270513041976161,0.04330824281081792,0.20726563725456723,0.0518976143854338,0.1338008204463437,0.03091699826932721,0.003928141057023088,"[0.003728,0.004129]",0.00020051435561303972,0.026043678466384782,1516.4613173007965,0.00773532798581736,"[0.007114,0.008357]",0.0006213292112493671,0.040981416715393154,1516.4742863178253,0.48663,0.00645,0.49308,0.013081041615964954,0.007795141552314467,0.02089787960004623,0.002044725078612467,0.005366592565749685,0.0010465953458692358
2022-02-27 02:26:45.168556,0.6,0.899887,2.0,1.075891,100000,20.948869943618774,2378973,1.4465407159578068,"[1.401,1.492]",0.04515252977427175,0.015925583519866365,1.4860997462395529,"[1.467,1.505]",0.019282347576970782,0.00661996777950069,1.0273473327403388,"[0.9954,1.059]",0.03197746679643057,0.015880738246813676,5,0.005067972589799595,"[0.004922,0.005214]",0.0001463415490072974,0.014732529486494426,0.0035035118845195504,"[0.003352,0.003655]",0.00015120740421339636,0.022019801086912153,0.2753,0.31269,0.58799,0.5317947584142587,0.007006512697621875,0.010038951178944941,0.0005636952873748337,0.0012246738733206507,0.0005574721201024373,0.2,0.614264,1.0,0.242444,0.4694831763180769,"[0.4494,0.4896]",0.02010879223721076,0.021852940411174655,1541.566397190094,0.9793310330284087,"[0.9547,1.004]",0.024609497512318293,0.012820860009803437,1541.5750966072083,2.085976840978233,"[1.992,2.18]",0.09371589926266338,0.022921747441482905,1541.6004557609558,0.023902234126410234,"[0.02311,0.02469]",0.0007925625783819982,0.01691760947119989,1541.6443541049957,0.050911801172224255,"[0.04815,0.05367]",0.002761752008593084,0.02767643483040044,1541.657588005066,0.5753,0.00379,0.57909,0.006544751247647171,0.04043006721141149,0.1696085645607391,0.027357877775836224,0.035441749752726986,0.016351401516334896,0.003807969653180826,"[0.003637,0.003979]",0.00017137175769420983,0.0229609419757621,1543.1746604442596,0.008110982129423334,"[0.007604,0.008618]",0.000507046193786447,0.03189466251043744,1543.1876027584076,0.48792,0.00598,0.4939,0.012107714112168455,0.007619074784751037,0.015128876957374766,0.001522986448942559,0.0010355969436157283,0.0007644804075177784
2022-02-27 02:26:45.168556,0.6,0.899887,2.0,1.075891,100000,21.385056972503662,2370567,1.5119032849878684,"[1.436,1.588]",0.07599463323327049,0.025645008144884202,1.5038355348652432,"[1.485,1.523]",0.019267617024140496,0.006536896237082312,0.9946638450999266,"[0.9457,1.044]",0.04899823086281032,0.02513321209184333,5,0.00520016088145302,"[0.005042,0.005358]",0.00015827352237542485,0.015528711317053575,0.00343947984840495,"[0.003236,0.003643]",0.0002037288401233778,0.030220641015075867,0.27719,0.31061,0.5878,0.528428036747193,0.007357820599416688,0.010175611182836058,0.0006884206242833691,0.0014202238925799433,0.0006520852739776166,0.2,0.614264,1.0,0.242444,0.5124004561269659,"[0.4745,0.5503]",0.03791370781289754,0.037751192928632014,1568.691941022873,0.997456002833844,"[0.9736,1.021]",0.02386788550984302,0.012208551126531533,1568.7003767490387,1.9466337137426117,"[1.814,2.079]",0.13263438329976465,0.034762884895415555,1568.7254219055176,0.024474302792188127,"[0.02372,0.02523]",0.0007563265170192449,0.015766777068452184,1568.771663427353,0.0477640144530311,"[0.04408,0.05145]",0.0036836513807335922,0.03934790639530865,1568.7847361564636,0.57478,0.00408,0.5788599999999999,0.007048336385309056,0.04099838787735767,0.2228552470687482,0.02372369208973858,0.16782661910279648,0.014890405048585542,0.0038164459334709944,"[0.003664,0.003968]",0.00015201011545941872,0.02032157214036836,1570.3117763996124,0.007448170445276361,"[0.00682,0.008076]",0.0006280985568248645,0.04302512270820278,1570.32479929924,0.486,0.00615,0.49215,0.012496190185918927,0.0076436840195858455,0.016522845520694957,0.0011833261225117674,0.001770881863351808,0.0006014961266656032
2022-02-27 02:26:45.168556,0.6,0.899887,2.0,1.075891,100000,20.958098888397217,2380935,1.4627827950842969,"[1.396,1.529]",0.06644341885304442,0.023174803265646606,1.4985174085456086,"[1.478,1.519]",0.02091240951288836,0.007120101928348352,1.0244292000024873,"[0.9775,1.071]",0.04693195232442475,0.02337386872109117,5,0.005117763046193273,"[0.00494,0.005296]",0.00017790196987196828,0.017735543896797226,0.00349864864653289,"[0.003297,0.0037]",0.00020155539239927563,0.02939260104871886,0.27556,0.31418,0.58974,0.5327432427849561,0.007239194313809818,0.009939940992678845,0.0016332474291327137,0.0011283450105505576,0.0008238523241442812,0.2,0.614264,1.0,0.242444,0.5194794845937837,"[0.4704,0.5686]",0.04909634513433606,0.04821972074676124,1595.4106562137604,1.0145811262384343,"[0.9881,1.041]",0.02648716980324564,0.013319646694607664,1595.4192037582397,1.95307255883609,"[1.786,2.12]",0.16734420648443893,0.04371557871706479,1595.444303035736,0.025218056685483076,"[0.02424,0.02619]",0.0009767187546089664,0.01976067789139044,1595.4884986877441,0.04854485582852764,"[0.04377,0.05332]",0.004770889138147886,0.05014181358160537,1595.501702785492,0.57695,0.00372,0.5806699999999999,0.006406392615427007,0.04248361397429441,0.19009021586395414,0.0412757792325706,0.12877077136223017,0.02483286978355088,0.003873013443380319,"[0.003689,0.004057]",0.00018366143447384487,0.02419429079628479,1597.0258114337921,0.0074555657311643235,"[0.006665,0.008246]",0.0007903214259631755,0.054083785438664454,1597.038917541504,0.48592,0.00612,0.49204000000000003,0.012438013169661003,0.007759777586488449,0.016729137018603266,0.0017393739725587046,0.0027599367812947227,0.000878059207439359
0.95,0.9833333333333333,0.9333333333333333,0.9333333333333333,0.8833333333333333,0.9166666666666666
